wall_time,seq,timestamp_s,ms,lm35_celsius,dht_temp_celsius,dht_humidity_pct,light_normalized,pot_normalized,alert_bits,state,fault_bits
2026-07-16 16:14:56,1,657,341,60.1,21.0,43.0,1.0000,0.2085,0x05,Recording,0x08
2026-07-16 16:14:56,2,657,466,60.0,21.0,43.0,1.0000,0.2072,0x05,Recording,0x08
2026-07-16 16:14:56,3,657,572,60.0,21.0,43.0,1.0000,0.2076,0x05,Recording,0x08
2026-07-16 16:14:56,4,657,675,59.8,21.0,43.0,1.0000,0.2060,0x05,Recording,0x08
2026-07-16 16:14:56,5,657,778,59.8,21.0,43.0,1.0000,0.2060,0x05,Recording,0x08
2026-07-16 16:14:56,6,657,884,59.9,21.0,43.0,1.0000,0.2067,0x05,Recording,0x08
2026-07-16 16:14:56,7,657,987,59.9,21.0,43.0,1.0000,0.2068,0x05,Recording,0x08
2026-07-16 16:14:56,8,658,93,60.0,21.0,43.0,1.0000,0.2072,0x05,Recording,0x08
2026-07-16 16:14:56,9,658,196,60.0,21.0,43.0,1.0000,0.2075,0x05,Recording,0x08
2026-07-16 16:14:57,10,658,299,60.1,21.0,43.0,1.0000,0.2077,0x05,Recording,0x08
2026-07-16 16:14:57,11,658,402,60.1,21.0,43.0,1.0000,0.2077,0x05,Recording,0x08
2026-07-16 16:14:57,12,658,508,60.1,21.0,43.0,1.0000,0.2079,0x05,Recording,0x08
2026-07-16 16:14:57,13,658,611,60.1,21.0,43.0,1.0000,0.2079,0x05,Recording,0x08
2026-07-16 16:14:57,14,658,714,60.1,21.0,43.0,1.0000,0.2079,0x05,Recording,0x08
2026-07-16 16:14:57,15,658,820,60.1,21.0,43.0,1.0000,0.2080,0x05,Recording,0x08
2026-07-16 16:14:57,16,658,923,60.0,21.0,43.0,1.0000,0.2075,0x05,Recording,0x08
2026-07-16 16:14:57,17,659,28,60.0,21.0,43.0,1.0000,0.2075,0x05,Recording,0x08
2026-07-16 16:14:58,18,659,134,60.0,21.0,43.0,1.0000,0.2077,0x05,Recording,0x08
2026-07-16 16:14:58,19,659,237,60.1,21.0,43.0,1.0000,0.2078,0x05,Recording,0x08
2026-07-16 16:14:58,20,659,340,60.1,21.0,43.0,1.0000,0.2078,0x05,Recording,0x08
2026-07-16 16:14:58,21,659,446,60.1,20.8,43.1,1.0000,0.2080,0x05,Recording,0x08
2026-07-16 16:14:58,22,659,575,60.1,20.7,43.2,1.0000,0.2079,0x05,Recording,0x08
2026-07-16 16:14:58,23,659,678,60.0,20.6,43.3,1.0000,0.2075,0x05,Recording,0x08
2026-07-16 16:14:58,24,659,784,60.0,20.5,43.5,1.0000,0.2073,0x05,Recording,0x08
2026-07-16 16:14:58,25,659,887,60.0,20.3,43.6,1.0000,0.2072,0x05,Recording,0x08
2026-07-16 16:14:58,26,659,993,59.9,20.2,43.7,1.0000,0.2069,0x05,Recording,0x08
2026-07-16 16:14:58,27,660,99,59.9,20.1,43.8,1.0000,0.2066,0x05,Recording,0x08
2026-07-16 16:14:58,28,660,205,59.9,20.0,44.0,1.0000,0.2062,0x05,Recording,0x08
2026-07-16 16:14:59,29,660,308,59.7,19.8,44.1,1.0000,0.2052,0x05,Recording,0x08
2026-07-16 16:14:59,30,660,414,59.7,19.7,44.2,1.0000,0.2049,0x05,Recording,0x08
2026-07-16 16:14:59,31,660,517,59.5,19.6,44.3,1.0000,0.2037,0x05,Recording,0x08
2026-07-16 16:14:59,32,660,623,59.6,19.5,44.5,1.0000,0.2042,0x05,Recording,0x08
2026-07-16 16:14:59,33,660,728,59.6,19.3,44.6,1.0000,0.2042,0x05,Recording,0x08
2026-07-16 16:14:59,34,660,831,59.4,19.2,44.7,1.0000,0.2029,0x05,Recording,0x08
2026-07-16 16:14:59,35,660,937,59.3,19.1,44.8,1.0000,0.2022,0x05,Recording,0x08
2026-07-16 16:14:59,36,661,40,59.3,19.0,45.0,1.0000,0.2024,0x05,Recording,0x08
2026-07-16 16:14:59,37,661,143,59.2,19.0,45.0,1.0000,0.2011,0x05,Recording,0x08
2026-07-16 16:15:00,38,661,246,59.0,19.0,45.0,1.0000,0.1999,0x05,Recording,0x08
2026-07-16 16:15:00,39,661,352,59.0,19.0,45.0,1.0000,0.2001,0x05,Recording,0x08
2026-07-16 16:15:00,40,661,455,58.9,19.0,45.0,1.0000,0.1995,0x05,Recording,0x08
2026-07-16 16:15:00,41,661,561,58.8,19.0,45.0,1.0000,0.1988,0x05,Recording,0x08
2026-07-16 16:15:00,42,661,690,58.8,19.0,45.0,1.0000,0.1991,0x05,Recording,0x08
2026-07-16 16:15:00,43,661,793,58.9,19.0,45.0,1.0000,0.1995,0x05,Recording,0x08
2026-07-16 16:15:00,44,661,896,58.9,19.0,45.0,1.0000,0.1998,0x05,Recording,0x08
2026-07-16 16:15:00,45,662,2,59.1,19.0,45.0,1.0000,0.2010,0x05,Recording,0x08
2026-07-16 16:15:00,46,662,105,59.0,19.0,45.0,1.0000,0.2015,0x05,Recording,0x08
2026-07-16 16:15:00,47,662,208,58.8,19.0,45.0,1.0000,0.2027,0x05,Recording,0x08
2026-07-16 16:15:01,48,662,314,58.5,19.0,45.0,1.0000,0.2029,0x05,Recording,0x08
2026-07-16 16:15:01,49,662,417,58.3,19.0,45.0,1.0000,0.2031,0x05,Recording,0x08
2026-07-16 16:15:01,50,662,520,58.1,19.0,45.0,1.0000,0.2039,0x05,Recording,0x08
2026-07-16 16:15:01,51,662,626,57.6,19.0,45.0,1.0000,0.2047,0x05,Recording,0x08
2026-07-16 16:15:01,52,662,729,55.4,19.0,45.0,1.0000,0.2050,0x05,Recording,0x08
2026-07-16 16:15:01,53,662,835,53.2,19.0,45.0,0.9992,0.2062,0x05,Recording,0x00
2026-07-16 16:15:01,54,662,941,51.1,19.0,45.0,0.9951,0.2076,0x05,Recording,0x00
2026-07-16 16:15:01,55,663,47,48.9,19.0,45.0,0.9893,0.2080,0x05,Recording,0x00
2026-07-16 16:15:01,56,663,150,46.7,19.0,45.0,0.9819,0.2087,0x05,Recording,0x00
2026-07-16 16:15:01,57,663,256,44.5,19.0,45.0,0.9735,0.2096,0x05,Recording,0x00
2026-07-16 16:15:02,58,663,359,42.0,19.0,45.0,0.9645,0.2092,0x05,Recording,0x00
2026-07-16 16:15:02,59,663,465,39.7,19.0,45.0,0.9557,0.2092,0x05,Recording,0x00
2026-07-16 16:15:02,60,663,568,37.4,19.0,45.0,0.9451,0.2093,0x04,Recording,0x00
2026-07-16 16:15:02,61,663,671,35.1,19.0,45.0,0.9334,0.2092,0x04,Recording,0x00
2026-07-16 16:15:02,62,663,800,33.0,19.0,45.0,0.9232,0.2091,0x04,Recording,0x00
2026-07-16 16:15:02,63,663,903,31.1,19.0,45.0,0.9172,0.2091,0x04,Recording,0x00
2026-07-16 16:15:02,64,664,6,29.0,19.0,45.0,0.9131,0.2089,0x04,Recording,0x00
2026-07-16 16:15:02,65,664,112,27.4,19.0,45.0,0.9131,0.2089,0x04,Recording,0x08
2026-07-16 16:15:03,66,664,215,27.2,19.0,45.0,0.9131,0.2094,0x04,Recording,0x08
2026-07-16 16:15:03,67,664,318,25.9,19.0,45.0,0.9131,0.2092,0x04,Recording,0x08
2026-07-16 16:15:03,68,664,424,26.1,19.0,45.0,0.9131,0.2093,0x04,Recording,0x08
2026-07-16 16:15:03,69,664,527,26.3,19.0,45.0,0.9139,0.2094,0x04,Recording,0x08
2026-07-16 16:15:03,70,664,630,26.3,19.0,45.0,0.9181,0.2093,0x04,Recording,0x08
2026-07-16 16:15:03,71,664,736,26.4,19.0,45.0,0.9238,0.2093,0x04,Recording,0x08
2026-07-16 16:15:03,72,664,839,26.6,19.0,45.0,0.9312,0.2094,0x04,Recording,0x08
2026-07-16 16:15:03,73,664,942,26.7,19.0,45.0,0.9397,0.2092,0x04,Recording,0x08
2026-07-16 16:15:03,74,665,48,27.5,19.0,45.0,0.9486,0.2097,0x04,Recording,0x08
2026-07-16 16:15:03,75,665,151,28.6,19.0,45.0,0.9574,0.2096,0x04,Recording,0x08
2026-07-16 16:15:04,76,665,254,29.2,19.0,45.0,0.9680,0.2095,0x04,Recording,0x08
2026-07-16 16:15:04,77,665,360,30.3,19.0,45.0,0.9797,0.2097,0x04,Recording,0x08
2026-07-16 16:15:04,78,665,463,31.5,19.0,45.0,0.9899,0.2097,0x04,Recording,0x08
2026-07-16 16:15:04,79,665,566,32.5,19.0,45.0,0.9959,0.2096,0x04,Recording,0x08
2026-07-16 16:15:04,80,665,672,33.3,19.0,45.0,1.0000,0.2096,0x04,Recording,0x08
2026-07-16 16:15:04,81,665,778,33.5,19.0,45.0,1.0000,0.2095,0x04,Recording,0x08
2026-07-16 16:15:04,82,665,906,33.3,19.1,45.0,1.0000,0.2095,0x04,Recording,0x08
2026-07-16 16:15:04,83,666,9,34.4,19.1,45.0,1.0000,0.2095,0x04,Recording,0x08
2026-07-16 16:15:04,84,666,115,35.7,19.2,45.0,1.0000,0.2094,0x04,Recording,0x08
2026-07-16 16:15:04,85,666,218,37.1,19.3,45.0,1.0000,0.2093,0x04,Recording,0x08
2026-07-16 16:15:05,86,666,324,38.7,19.3,45.0,1.0000,0.2094,0x04,Recording,0x08
2026-07-16 16:15:05,87,666,427,40.1,19.4,45.0,1.0000,0.2095,0x05,Recording,0x08
2026-07-16 16:15:05,88,666,530,41.3,19.5,45.0,1.0000,0.2094,0x05,Recording,0x08
2026-07-16 16:15:05,89,666,633,42.7,19.5,45.0,1.0000,0.2094,0x05,Recording,0x08
2026-07-16 16:15:05,90,666,739,43.6,19.6,45.0,1.0000,0.2094,0x05,Recording,0x08
2026-07-16 16:15:05,91,666,842,44.1,19.6,45.0,1.0000,0.2094,0x05,Recording,0x08
2026-07-16 16:15:05,92,666,945,44.9,19.7,45.0,1.0000,0.2093,0x05,Recording,0x08
2026-07-16 16:15:05,93,667,51,45.3,19.8,45.0,1.0000,0.2094,0x05,Recording,0x08
2026-07-16 16:15:05,94,667,154,45.5,19.8,45.0,1.0000,0.2094,0x05,Recording,0x08
2026-07-16 16:15:05,95,667,257,45.9,19.9,45.0,1.0000,0.2095,0x05,Recording,0x08
2026-07-16 16:15:06,96,667,360,46.0,20.0,45.0,1.0000,0.2095,0x05,Recording,0x08
2026-07-16 16:15:06,97,667,466,46.7,20.0,45.0,1.0000,0.2096,0x05,Recording,0x08
2026-07-16 16:15:06,98,667,571,46.4,20.0,45.0,1.0000,0.2096,0x05,Recording,0x08
2026-07-16 16:15:06,99,667,674,45.5,20.0,45.0,1.0000,0.2097,0x05,Recording,0x08
2026-07-16 16:15:06,100,667,780,45.0,20.0,45.0,1.0000,0.2097,0x05,Recording,0x08
2026-07-16 16:15:06,101,667,883,44.5,20.0,45.0,1.0000,0.2098,0x05,Recording,0x08
2026-07-16 16:15:06,102,668,8,43.8,20.0,45.1,1.0000,0.2098,0x05,Recording,0x08
2026-07-16 16:15:06,103,668,111,42.6,20.0,45.1,1.0000,0.2096,0x05,Recording,0x08
2026-07-16 16:15:07,104,668,217,42.0,20.0,45.2,1.0000,0.2097,0x05,Recording,0x08
2026-07-16 16:15:07,105,668,320,41.1,20.0,45.3,1.0000,0.2097,0x05,Recording,0x08
2026-07-16 16:15:07,106,668,426,40.1,20.0,45.3,1.0000,0.2096,0x05,Recording,0x08
2026-07-16 16:15:07,107,668,532,39.0,20.0,45.4,1.0000,0.2094,0x05,Recording,0x08
2026-07-16 16:15:07,108,668,638,38.5,20.0,45.5,1.0000,0.2096,0x05,Recording,0x08
2026-07-16 16:15:07,109,668,741,37.5,20.0,45.5,1.0000,0.2094,0x04,Recording,0x08
2026-07-16 16:15:07,110,668,847,37.0,20.0,45.6,1.0000,0.2095,0x04,Recording,0x08
2026-07-16 16:15:07,111,668,950,36.8,20.0,45.6,1.0000,0.2095,0x04,Recording,0x08
2026-07-16 16:15:07,112,669,53,37.2,20.0,45.7,1.0000,0.2096,0x04,Recording,0x08
2026-07-16 16:15:07,113,669,156,37.0,20.0,45.8,1.0000,0.2094,0x04,Recording,0x08
2026-07-16 16:15:08,114,669,262,37.3,20.0,45.8,1.0000,0.2095,0x04,Recording,0x08
2026-07-16 16:15:08,115,669,365,38.2,20.0,45.9,1.0000,0.2096,0x04,Recording,0x08
2026-07-16 16:15:08,116,669,468,38.7,20.0,46.0,1.0000,0.2095,0x04,Recording,0x08
2026-07-16 16:15:08,117,669,574,39.4,20.0,46.0,1.0000,0.2095,0x04,Recording,0x08
2026-07-16 16:15:08,118,669,677,40.0,20.0,46.0,1.0000,0.2095,0x05,Recording,0x08
2026-07-16 16:15:08,119,669,780,41.2,20.0,46.0,1.0000,0.2097,0x05,Recording,0x08
2026-07-16 16:15:08,120,669,883,42.5,20.0,46.0,1.0000,0.2096,0x05,Recording,0x08
2026-07-16 16:15:08,121,669,989,44.4,20.0,46.1,1.0000,0.2096,0x05,Recording,0x08
2026-07-16 16:15:08,122,670,114,46.1,20.0,46.2,1.0000,0.2096,0x05,Recording,0x08
2026-07-16 16:15:08,123,670,217,47.9,20.0,46.3,1.0000,0.2097,0x05,Recording,0x08
2026-07-16 16:15:09,124,670,320,49.2,20.0,46.5,1.0000,0.2094,0x05,Recording,0x08
2026-07-16 16:15:09,125,670,426,51.0,20.0,46.6,1.0000,0.2095,0x05,Recording,0x08
2026-07-16 16:15:09,126,670,529,52.4,20.0,46.7,1.0000,0.2094,0x05,Recording,0x08
2026-07-16 16:15:09,127,670,632,53.4,20.0,46.8,1.0000,0.2092,0x05,Recording,0x08
2026-07-16 16:15:09,128,670,738,54.4,20.0,47.0,1.0000,0.2091,0x05,Recording,0x08
2026-07-16 16:15:09,129,670,841,55.6,20.0,47.1,1.0000,0.2092,0x05,Recording,0x08
2026-07-16 16:15:09,130,670,944,56.3,20.0,47.2,1.0000,0.2090,0x05,Recording,0x08
2026-07-16 16:15:09,131,671,50,57.1,20.0,47.3,1.0000,0.2088,0x05,Recording,0x08
2026-07-16 16:15:09,132,671,156,57.8,20.0,47.5,1.0000,0.2087,0x05,Recording,0x08
2026-07-16 16:15:09,133,671,262,58.5,20.0,47.6,1.0000,0.2086,0x05,Recording,0x08
2026-07-16 16:15:10,134,671,365,59.2,20.0,47.7,1.0000,0.2084,0x05,Recording,0x08
2026-07-16 16:15:10,135,671,471,60.0,20.0,47.8,1.0000,0.2083,0x05,Recording,0x08
2026-07-16 16:15:10,136,671,574,60.1,20.0,48.0,1.0000,0.2085,0x05,Recording,0x08
2026-07-16 16:15:10,137,671,677,60.1,20.0,48.0,1.0000,0.2083,0x05,Recording,0x08
2026-07-16 16:15:10,138,671,783,60.1,20.0,48.0,1.0000,0.2084,0x05,Recording,0x08
2026-07-16 16:15:10,139,671,886,60.1,20.0,48.0,1.0000,0.2084,0x05,Recording,0x08
2026-07-16 16:15:10,140,671,989,60.1,20.0,48.0,1.0000,0.2084,0x05,Recording,0x08
2026-07-16 16:15:10,141,672,95,60.1,20.0,48.1,1.0000,0.2085,0x05,Recording,0x08
2026-07-16 16:15:10,142,672,223,60.1,20.0,48.2,1.0000,0.2084,0x05,Recording,0x08
2026-07-16 16:15:11,143,672,326,60.1,20.0,48.3,1.0000,0.2085,0x05,Recording,0x08
2026-07-16 16:15:11,144,672,429,60.1,20.0,48.5,1.0000,0.2084,0x05,Recording,0x08
2026-07-16 16:15:11,145,672,535,60.1,20.0,48.6,1.0000,0.2084,0x05,Recording,0x08
2026-07-16 16:15:11,146,672,640,60.1,20.0,48.7,1.0000,0.2085,0x05,Recording,0x08
2026-07-16 16:15:11,147,672,743,60.1,20.0,48.8,1.0000,0.2082,0x05,Recording,0x08
2026-07-16 16:15:11,148,672,846,60.1,20.0,49.0,1.0000,0.2082,0x05,Recording,0x08
2026-07-16 16:15:11,149,672,952,60.1,20.0,49.1,1.0000,0.2082,0x05,Recording,0x08
2026-07-16 16:15:11,150,673,55,60.1,20.0,49.2,1.0000,0.2084,0x05,Recording,0x08
2026-07-16 16:15:11,151,673,158,60.0,20.0,49.3,1.0000,0.2080,0x05,Recording,0x08
2026-07-16 16:15:12,152,673,264,60.0,20.0,49.5,1.0000,0.2080,0x05,Recording,0x08
2026-07-16 16:15:12,153,673,367,60.0,20.0,49.6,1.0000,0.2081,0x05,Recording,0x08
2026-07-16 16:15:12,154,673,470,60.0,20.0,49.7,1.0000,0.2080,0x05,Recording,0x08
2026-07-16 16:15:12,155,673,574,60.0,20.0,49.8,1.0000,0.2078,0x05,Recording,0x08
2026-07-16 16:15:12,156,673,680,60.0,20.0,50.0,1.0000,0.2078,0x05,Recording,0x08
2026-07-16 16:15:12,157,673,786,60.0,20.0,50.0,1.0000,0.2077,0x05,Recording,0x08
2026-07-16 16:15:12,158,673,892,60.0,20.0,50.0,1.0000,0.2076,0x05,Recording,0x08
2026-07-16 16:15:12,159,673,998,60.0,20.0,50.0,1.0000,0.2076,0x05,Recording,0x08
2026-07-16 16:15:12,160,674,101,60.0,20.0,50.0,1.0000,0.2076,0x05,Recording,0x08
2026-07-16 16:15:12,161,674,207,60.0,20.0,50.0,1.0000,0.2076,0x05,Recording,0x08
2026-07-16 16:15:13,162,674,335,60.0,20.0,50.0,1.0000,0.2076,0x05,Recording,0x08
2026-07-16 16:15:13,163,674,438,60.1,20.0,50.0,1.0000,0.2080,0x05,Recording,0x08
2026-07-16 16:15:13,164,674,541,60.1,20.0,50.0,1.0000,0.2079,0x05,Recording,0x08
2026-07-16 16:15:14,165,674,647,60.1,20.0,50.0,1.0000,0.2079,0x05,Recording,0x08
2026-07-16 16:15:14,166,674,750,60.1,20.0,50.0,1.0000,0.2079,0x05,Recording,0x08
2026-07-16 16:15:14,167,674,853,60.1,20.0,50.0,1.0000,0.2082,0x05,Recording,0x08
2026-07-16 16:15:14,168,674,959,60.1,20.0,50.0,1.0000,0.2081,0x05,Recording,0x08
2026-07-16 16:15:14,169,675,65,60.1,20.0,50.0,1.0000,0.2081,0x05,Recording,0x08
2026-07-16 16:15:14,170,675,168,60.1,20.0,50.0,1.0000,0.2082,0x05,Recording,0x08
2026-07-16 16:15:14,171,675,271,60.1,20.0,50.0,1.0000,0.2079,0x05,Recording,0x08
2026-07-16 16:15:14,172,675,377,60.1,20.0,50.0,1.0000,0.2080,0x05,Recording,0x08
2026-07-16 16:15:14,173,675,480,60.1,20.0,50.0,1.0000,0.2082,0x05,Recording,0x08
2026-07-16 16:15:14,174,675,583,60.1,20.0,50.0,1.0000,0.2082,0x05,Recording,0x08
2026-07-16 16:15:14,175,675,687,60.1,20.0,50.0,1.0000,0.2081,0x05,Recording,0x08
2026-07-16 16:15:14,176,675,793,60.1,20.0,50.0,1.0000,0.2082,0x05,Recording,0x08
2026-07-16 16:15:14,177,675,896,60.1,20.0,50.0,1.0000,0.2082,0x05,Recording,0x08
2026-07-16 16:15:14,178,675,999,60.1,20.0,50.0,1.0000,0.2078,0x05,Recording,0x08
2026-07-16 16:15:14,179,676,105,60.1,20.0,50.0,1.0000,0.2079,0x05,Recording,0x08
2026-07-16 16:15:14,180,676,208,60.1,20.0,50.0,1.0000,0.2080,0x05,Recording,0x08
2026-07-16 16:15:15,181,676,311,60.1,20.0,49.9,1.0000,0.2079,0x05,Recording,0x08
2026-07-16 16:15:15,182,676,440,60.1,20.0,49.8,1.0000,0.2078,0x05,Recording,0x08
2026-07-16 16:15:15,183,676,546,60.1,20.0,49.8,1.0000,0.2077,0x05,Recording,0x08
2026-07-16 16:15:15,184,676,652,60.1,20.0,49.7,1.0000,0.2078,0x05,Recording,0x08
2026-07-16 16:15:15,185,676,755,60.0,20.0,49.6,1.0000,0.2077,0x05,Recording,0x08
2026-07-16 16:15:15,186,676,861,60.0,20.0,49.6,1.0000,0.2077,0x05,Recording,0x08
2026-07-16 16:15:15,187,676,964,60.1,20.0,49.5,1.0000,0.2080,0x05,Recording,0x08
2026-07-16 16:15:15,188,677,67,60.1,20.0,49.5,1.0000,0.2079,0x05,Recording,0x08
2026-07-16 16:15:15,189,677,173,60.1,20.0,49.4,1.0000,0.2079,0x05,Recording,0x08
2026-07-16 16:15:16,190,677,276,60.1,20.0,49.3,1.0000,0.2080,0x05,Recording,0x08
2026-07-16 16:15:16,191,677,379,60.1,20.0,49.3,1.0000,0.2080,0x05,Recording,0x08
2026-07-16 16:15:16,192,677,485,60.1,20.0,49.2,1.0000,0.2080,0x05,Recording,0x08
2026-07-16 16:15:16,193,677,588,60.1,20.0,49.1,1.0000,0.2081,0x05,Recording,0x08
2026-07-16 16:15:16,194,677,691,60.1,20.0,49.1,1.0000,0.2084,0x05,Recording,0x08
2026-07-16 16:15:16,195,677,794,60.1,20.0,49.0,1.0000,0.2082,0x05,Recording,0x08
2026-07-16 16:15:16,196,677,900,60.1,20.0,49.0,1.0000,0.2082,0x05,Recording,0x08
2026-07-16 16:15:16,197,678,3,60.1,20.0,49.0,1.0000,0.2084,0x05,Recording,0x08
2026-07-16 16:15:16,198,678,106,60.1,20.0,49.0,1.0000,0.2084,0x05,Recording,0x08
2026-07-16 16:15:16,199,678,212,60.1,20.0,49.0,1.0000,0.2085,0x05,Recording,0x08
2026-07-16 16:15:17,200,678,315,60.1,20.0,49.0,1.0000,0.2085,0x05,Recording,0x08
2026-07-16 16:15:17,201,678,418,60.1,20.0,49.0,1.0000,0.2086,0x05,Recording,0x08
2026-07-16 16:15:17,202,678,543,59.8,20.0,49.0,1.0000,0.2085,0x05,Recording,0x08
2026-07-16 16:15:17,203,678,649,59.3,20.0,49.0,1.0000,0.2087,0x05,Recording,0x08
2026-07-16 16:15:17,204,678,752,58.8,20.0,49.0,1.0000,0.2089,0x05,Recording,0x08
2026-07-16 16:15:17,205,678,855,56.6,20.0,49.0,1.0000,0.2090,0x05,Recording,0x08
2026-07-16 16:15:17,206,678,958,54.3,20.0,49.0,1.0000,0.2089,0x05,Recording,0x08
2026-07-16 16:15:17,207,679,64,53.1,20.0,49.0,1.0000,0.2090,0x05,Recording,0x08
2026-07-16 16:15:17,208,679,170,50.6,20.0,49.0,1.0000,0.2083,0x05,Recording,0x08
2026-07-16 16:15:17,209,679,276,48.6,20.0,49.0,1.0000,0.2081,0x05,Recording,0x08
2026-07-16 16:15:18,210,679,382,46.3,20.0,49.0,0.9987,0.2082,0x05,Recording,0x00
2026-07-16 16:15:18,211,679,485,45.9,20.0,49.0,0.9987,0.2082,0x05,Recording,0x08
2026-07-16 16:15:18,212,679,588,43.6,20.0,49.0,0.9972,0.2081,0x05,Recording,0x00
2026-07-16 16:15:18,213,679,694,41.7,20.0,49.0,0.9972,0.2080,0x05,Recording,0x08
2026-07-16 16:15:18,214,679,797,39.5,20.0,49.0,0.9967,0.2082,0x05,Recording,0x00
2026-07-16 16:15:18,215,679,900,37.2,20.0,49.0,0.9940,0.2080,0x04,Recording,0x00
2026-07-16 16:15:18,216,680,6,34.9,20.0,49.0,0.9909,0.2080,0x04,Recording,0x00
2026-07-16 16:15:18,217,680,109,32.7,20.0,49.0,0.9824,0.2081,0x04,Recording,0x00
2026-07-16 16:15:18,218,680,212,30.8,20.0,49.0,0.9708,0.2082,0x04,Recording,0x00
2026-07-16 16:15:19,219,680,315,28.9,20.0,49.0,0.9708,0.2080,0x04,Recording,0x08
2026-07-16 16:15:19,220,680,421,28.6,20.0,49.0,0.9708,0.2079,0x04,Recording,0x08
2026-07-16 16:15:19,221,680,524,30.1,20.0,48.9,0.9708,0.2078,0x04,Recording,0x08
2026-07-16 16:15:19,222,680,649,32.1,20.0,48.8,0.9708,0.2078,0x04,Recording,0x08
2026-07-16 16:15:19,223,680,752,33.2,20.0,48.8,0.9708,0.2077,0x04,Recording,0x08
2026-07-16 16:15:19,224,680,858,35.5,20.0,48.7,0.9708,0.2082,0x04,Recording,0x08
2026-07-16 16:15:19,225,680,961,37.5,20.0,48.6,0.9708,0.2083,0x04,Recording,0x08
2026-07-16 16:15:19,226,681,64,39.7,20.0,48.6,0.9721,0.2081,0x04,Recording,0x08
2026-07-16 16:15:19,227,681,170,39.9,20.0,48.5,0.9721,0.2082,0x04,Recording,0x08
2026-07-16 16:15:20,228,681,273,41.9,20.0,48.5,0.9736,0.2084,0x05,Recording,0x08
2026-07-16 16:15:20,229,681,376,43.2,20.0,48.4,0.9736,0.2084,0x05,Recording,0x08
2026-07-16 16:15:20,230,681,479,43.1,20.0,48.3,0.9723,0.2082,0x05,Recording,0x00
2026-07-16 16:15:20,231,681,585,43.1,20.0,48.3,0.9663,0.2084,0x05,Recording,0x00
2026-07-16 16:15:20,232,681,688,43.1,20.0,48.2,0.9529,0.2082,0x05,Recording,0x00
2026-07-16 16:15:20,233,681,794,43.1,20.0,48.1,0.9420,0.2081,0x05,Recording,0x00
2026-07-16 16:15:20,234,681,900,43.0,20.0,48.1,0.9344,0.2079,0x05,Recording,0x00
2026-07-16 16:15:20,235,682,6,43.1,20.0,48.0,0.9229,0.2081,0x05,Recording,0x00
2026-07-16 16:15:20,236,682,109,41.6,20.0,48.0,0.9060,0.2079,0x05,Recording,0x00
2026-07-16 16:15:20,237,682,215,39.9,20.0,48.0,0.8854,0.2079,0x01,Recording,0x00
2026-07-16 16:15:21,238,682,318,38.0,20.0,48.0,0.8634,0.2080,0x01,Recording,0x00
2026-07-16 16:15:21,239,682,421,35.8,20.0,48.0,0.8401,0.2081,0x00,Recording,0x00
2026-07-16 16:15:21,240,682,527,33.6,20.0,48.0,0.8167,0.2082,0x00,Recording,0x00
2026-07-16 16:15:21,241,682,630,31.4,20.0,48.0,0.7930,0.2083,0x00,Recording,0x00
2026-07-16 16:15:21,242,682,757,29.2,20.0,48.0,0.7693,0.2085,0x00,Recording,0x00
2026-07-16 16:15:21,243,682,860,27.1,20.0,48.0,0.7455,0.2083,0x00,Recording,0x00
2026-07-16 16:15:21,244,682,966,25.1,20.0,48.0,0.7226,0.2083,0x00,Recording,0x00
2026-07-16 16:15:21,245,683,69,23.3,20.0,48.0,0.7024,0.2083,0x00,Recording,0x00
2026-07-16 16:15:21,246,683,172,23.4,20.0,48.0,0.6827,0.2085,0x00,Recording,0x00
2026-07-16 16:15:21,247,683,275,23.3,20.0,48.0,0.6683,0.2083,0x00,Recording,0x00
2026-07-16 16:15:22,248,683,381,23.3,20.0,48.0,0.6614,0.2085,0x00,Recording,0x00
2026-07-16 16:15:22,249,683,484,23.4,20.0,48.0,0.6570,0.2087,0x00,Recording,0x00
2026-07-16 16:15:22,250,683,587,23.4,20.0,48.0,0.6515,0.2087,0x00,Recording,0x00
2026-07-16 16:15:22,251,683,693,23.4,20.0,48.0,0.6388,0.2087,0x00,Recording,0x00
2026-07-16 16:15:22,252,683,796,23.4,20.0,48.0,0.6312,0.2088,0x00,Recording,0x00
2026-07-16 16:15:22,253,683,899,23.4,20.0,48.0,0.6271,0.2088,0x00,Recording,0x00
2026-07-16 16:15:22,254,684,2,23.4,20.0,48.0,0.6239,0.2087,0x00,Recording,0x00
2026-07-16 16:15:22,255,684,108,23.4,20.0,48.0,0.6222,0.2088,0x00,Recording,0x00
2026-07-16 16:15:22,256,684,211,23.4,20.0,48.0,0.6203,0.2088,0x00,Recording,0x00
2026-07-16 16:15:22,257,684,314,23.4,20.0,48.0,0.6183,0.2087,0x00,Recording,0x00
2026-07-16 16:15:23,258,684,420,23.3,20.0,48.0,0.6160,0.2086,0x00,Recording,0x00
2026-07-16 16:15:23,259,684,526,23.3,20.0,48.0,0.6139,0.2086,0x00,Recording,0x00
2026-07-16 16:15:23,260,684,632,23.4,20.0,48.0,0.6109,0.2086,0x00,Recording,0x00
2026-07-16 16:15:23,261,684,735,23.4,20.0,48.0,0.6047,0.2085,0x00,Recording,0x00
2026-07-16 16:15:23,262,684,863,23.3,20.0,48.0,0.6000,0.2085,0x00,Recording,0x00
2026-07-16 16:15:23,263,684,966,23.4,20.0,48.0,0.5964,0.2084,0x00,Recording,0x00
2026-07-16 16:15:23,264,685,72,23.3,20.0,48.0,0.5933,0.2084,0x00,Recording,0x00
2026-07-16 16:15:23,265,685,175,23.4,20.0,48.0,0.5907,0.2084,0x00,Recording,0x00
2026-07-16 16:15:23,266,685,278,23.4,20.0,48.0,0.5893,0.2085,0x00,Recording,0x00
2026-07-16 16:15:24,267,685,381,23.4,20.0,48.0,0.5909,0.2084,0x00,Recording,0x00
2026-07-16 16:15:24,268,685,487,23.3,20.0,48.0,0.5935,0.2084,0x00,Recording,0x00
2026-07-16 16:15:24,269,685,590,23.3,20.0,48.0,0.5932,0.2084,0x00,Recording,0x00
2026-07-16 16:15:24,270,685,693,23.3,20.0,48.0,0.5924,0.2084,0x00,Recording,0x00
2026-07-16 16:15:24,271,685,799,23.3,20.0,48.0,0.5915,0.2084,0x00,Recording,0x00
2026-07-16 16:15:24,272,685,902,23.3,20.0,48.0,0.5906,0.2084,0x00,Recording,0x00
2026-07-16 16:15:24,273,686,5,23.4,20.0,48.0,0.5900,0.2085,0x00,Recording,0x00
2026-07-16 16:15:24,274,686,108,23.4,20.0,48.0,0.5890,0.2085,0x00,Recording,0x00
2026-07-16 16:15:24,275,686,214,23.4,20.0,48.0,0.5885,0.2087,0x00,Recording,0x00
2026-07-16 16:15:24,276,686,317,23.3,20.0,48.0,0.5877,0.2087,0x00,Recording,0x00
2026-07-16 16:15:25,277,686,420,23.4,20.0,48.0,0.5869,0.2087,0x00,Recording,0x00
2026-07-16 16:15:25,278,686,526,23.3,20.0,48.0,0.5863,0.2087,0x00,Recording,0x00
2026-07-16 16:15:25,279,686,630,23.4,20.0,48.0,0.5863,0.2089,0x00,Recording,0x00
2026-07-16 16:15:25,280,686,733,23.4,20.0,48.0,0.5858,0.2089,0x00,Recording,0x00
2026-07-16 16:15:25,281,686,836,23.3,20.0,48.0,0.5851,0.2088,0x00,Recording,0x00
2026-07-16 16:15:25,282,686,965,23.3,20.0,48.1,0.5838,0.2087,0x00,Recording,0x00
2026-07-16 16:15:25,283,687,68,23.3,20.0,48.1,0.5791,0.2087,0x00,Recording,0x00
2026-07-16 16:15:25,284,687,174,23.3,20.0,48.2,0.5738,0.2085,0x00,Recording,0x00
2026-07-16 16:15:25,285,687,280,23.3,20.0,48.3,0.5721,0.2083,0x00,Recording,0x00
2026-07-16 16:15:26,286,687,386,23.3,20.0,48.3,0.5742,0.2084,0x00,Recording,0x00
2026-07-16 16:15:26,287,687,489,23.2,20.0,48.4,0.5747,0.2082,0x00,Recording,0x00
2026-07-16 16:15:26,288,687,595,23.3,20.0,48.5,0.5768,0.2082,0x00,Recording,0x00
2026-07-16 16:15:26,289,687,698,23.3,20.0,48.5,0.5942,0.2082,0x00,Recording,0x00
2026-07-16 16:15:26,290,687,801,23.3,20.0,48.6,0.5994,0.2082,0x00,Recording,0x00
2026-07-16 16:15:26,291,687,907,23.3,20.0,48.6,0.6001,0.2082,0x00,Recording,0x00
2026-07-16 16:15:26,292,688,12,23.3,20.0,48.7,0.5992,0.2082,0x00,Recording,0x00
2026-07-16 16:15:26,293,688,115,23.3,20.0,48.8,0.5980,0.2083,0x00,Recording,0x00
2026-07-16 16:15:26,294,688,218,23.3,20.0,48.8,0.5956,0.2081,0x00,Recording,0x00
2026-07-16 16:15:26,295,688,324,23.3,20.0,48.9,0.5935,0.2081,0x00,Recording,0x00
2026-07-16 16:15:27,296,688,427,23.3,20.0,49.0,0.5914,0.2081,0x00,Recording,0x00
2026-07-16 16:15:27,297,688,530,23.3,20.0,49.0,0.5893,0.2081,0x00,Recording,0x00
2026-07-16 16:15:27,298,688,636,23.3,20.0,49.0,0.5875,0.2082,0x00,Recording,0x00
2026-07-16 16:15:27,299,688,741,23.3,20.0,49.0,0.5861,0.2084,0x00,Recording,0x00
2026-07-16 16:15:27,300,688,844,23.4,20.0,49.0,0.5848,0.2086,0x00,Recording,0x00
2026-07-16 16:15:27,301,688,947,23.4,20.0,49.1,0.5843,0.2086,0x00,Recording,0x00
2026-07-16 16:15:27,302,689,76,23.4,20.0,49.2,0.5926,0.2086,0x00,Recording,0x00
2026-07-16 16:15:27,303,689,179,25.1,20.0,49.3,0.6181,0.2087,0x00,Recording,0x08
2026-07-16 16:15:27,304,689,282,27.2,20.0,49.5,0.6422,0.2085,0x00,Recording,0x08
2026-07-16 16:15:28,305,689,388,29.5,20.0,49.6,0.6511,0.2084,0x00,Recording,0x08
2026-07-16 16:15:28,306,689,494,31.7,20.0,49.7,0.6728,0.2085,0x00,Recording,0x08
2026-07-16 16:15:28,307,689,597,34.0,20.0,49.8,0.6986,0.2084,0x00,Recording,0x08
2026-07-16 16:15:28,308,689,700,36.3,20.0,50.0,0.7261,0.2082,0x00,Recording,0x08
2026-07-16 16:15:28,309,689,806,38.5,20.0,50.1,0.7545,0.2079,0x00,Recording,0x08
2026-07-16 16:15:28,310,689,912,40.8,20.0,50.2,0.7837,0.2079,0x01,Recording,0x08
2026-07-16 16:15:28,311,690,18,43.1,20.0,50.3,0.8126,0.2077,0x01,Recording,0x08
2026-07-16 16:15:28,312,690,124,45.4,20.0,50.5,0.8416,0.2076,0x01,Recording,0x08
2026-07-16 16:15:28,313,690,230,47.7,20.0,50.6,0.8710,0.2076,0x01,Recording,0x08
2026-07-16 16:15:29,314,690,333,49.9,20.0,50.7,0.9000,0.2074,0x01,Recording,0x08
2026-07-16 16:15:29,315,690,439,52.2,20.0,50.8,0.9288,0.2074,0x01,Recording,0x08
2026-07-16 16:15:29,316,690,542,54.4,20.0,51.0,0.9573,0.2073,0x05,Recording,0x08
2026-07-16 16:15:29,317,690,645,56.6,20.0,51.0,0.9845,0.2072,0x05,Recording,0x08
2026-07-16 16:15:29,318,690,751,58.8,20.0,51.0,1.0000,0.2072,0x05,Recording,0x08
2026-07-16 16:15:29,319,690,854,59.4,20.0,51.0,1.0000,0.2072,0x05,Recording,0x08
2026-07-16 16:15:29,320,690,957,59.6,20.0,51.0,1.0000,0.2073,0x05,Recording,0x08
2026-07-16 16:15:29,321,691,60,59.6,20.0,51.1,1.0000,0.2072,0x05,Recording,0x08
2026-07-16 16:15:29,322,691,189,59.6,20.0,51.2,1.0000,0.2072,0x05,Recording,0x08
2026-07-16 16:15:29,323,691,292,59.6,20.0,51.3,1.0000,0.2072,0x05,Recording,0x08
2026-07-16 16:15:30,324,691,395,59.6,20.0,51.5,1.0000,0.2072,0x05,Recording,0x08
2026-07-16 16:15:30,325,691,501,59.6,20.0,51.6,1.0000,0.2073,0x05,Recording,0x08
2026-07-16 16:15:30,326,691,604,59.6,20.0,51.7,1.0000,0.2074,0x05,Recording,0x08
2026-07-16 16:15:30,327,691,707,59.7,20.0,51.8,1.0000,0.2076,0x05,Recording,0x08
2026-07-16 16:15:30,328,691,810,59.7,20.0,52.0,1.0000,0.2075,0x05,Recording,0x08
2026-07-16 16:15:30,329,691,916,59.7,20.0,52.1,1.0000,0.2075,0x05,Recording,0x08
2026-07-16 16:15:30,330,692,19,59.7,20.0,52.2,1.0000,0.2076,0x05,Recording,0x08
2026-07-16 16:15:30,331,692,122,59.7,20.0,52.3,1.0000,0.2075,0x05,Recording,0x08
2026-07-16 16:15:30,332,692,228,59.8,20.0,52.5,1.0000,0.2074,0x05,Recording,0x08
2026-07-16 16:15:30,333,692,331,59.9,20.0,52.6,1.0000,0.2076,0x05,Recording,0x08
2026-07-16 16:15:31,334,692,434,59.9,20.0,52.7,1.0000,0.2074,0x05,Recording,0x08
2026-07-16 16:15:31,335,692,540,59.9,20.0,52.8,1.0000,0.2073,0x05,Recording,0x08
2026-07-16 16:15:31,336,692,646,59.9,20.0,53.0,1.0000,0.2070,0x05,Recording,0x08
2026-07-16 16:15:31,337,692,752,59.9,20.0,53.0,1.0000,0.2071,0x05,Recording,0x08
2026-07-16 16:15:31,338,692,855,59.9,20.0,53.0,1.0000,0.2070,0x05,Recording,0x08
2026-07-16 16:15:31,339,692,961,59.9,20.0,53.0,1.0000,0.2070,0x05,Recording,0x08
2026-07-16 16:15:31,340,693,64,59.9,20.0,53.0,1.0000,0.2072,0x05,Recording,0x08
2026-07-16 16:15:31,341,693,167,59.9,20.0,53.0,1.0000,0.2071,0x05,Recording,0x08
2026-07-16 16:15:31,342,693,296,59.9,20.0,53.0,1.0000,0.2071,0x05,Recording,0x08
2026-07-16 16:15:32,343,693,399,59.9,20.0,53.0,1.0000,0.2071,0x05,Recording,0x08
2026-07-16 16:15:32,344,693,502,59.9,20.0,53.0,1.0000,0.2070,0x05,Recording,0x08
2026-07-16 16:15:32,345,693,608,59.9,20.0,53.0,1.0000,0.2070,0x05,Recording,0x08
2026-07-16 16:15:32,346,693,712,59.9,20.0,53.0,1.0000,0.2070,0x05,Recording,0x08
2026-07-16 16:15:32,347,693,815,59.9,20.0,53.0,1.0000,0.2072,0x05,Recording,0x08
2026-07-16 16:15:32,348,693,918,59.9,20.0,53.0,1.0000,0.2070,0x05,Recording,0x08
2026-07-16 16:15:32,349,694,24,59.9,20.0,53.0,1.0000,0.2070,0x05,Recording,0x08
2026-07-16 16:15:32,350,694,127,59.9,20.0,53.0,1.0000,0.2072,0x05,Recording,0x08
2026-07-16 16:15:32,351,694,230,59.9,20.0,53.0,1.0000,0.2072,0x05,Recording,0x08
2026-07-16 16:15:33,352,694,336,59.9,20.0,53.0,1.0000,0.2075,0x05,Recording,0x08
2026-07-16 16:15:33,353,694,441,59.9,20.0,53.0,1.0000,0.2075,0x05,Recording,0x08
2026-07-16 16:15:33,354,694,544,60.0,20.0,53.0,1.0000,0.2076,0x05,Recording,0x08
2026-07-16 16:15:33,355,694,647,59.9,20.0,53.0,1.0000,0.2075,0x05,Recording,0x08
2026-07-16 16:15:33,356,694,753,59.9,20.0,53.0,1.0000,0.2075,0x05,Recording,0x08
2026-07-16 16:15:33,357,694,856,60.0,20.0,53.0,1.0000,0.2076,0x05,Recording,0x08
2026-07-16 16:15:33,358,694,959,59.9,20.0,53.0,1.0000,0.2073,0x05,Recording,0x08
2026-07-16 16:15:33,359,695,65,59.9,20.0,53.0,1.0000,0.2072,0x05,Recording,0x08
2026-07-16 16:15:33,360,695,171,59.9,20.0,53.0,1.0000,0.2072,0x05,Recording,0x08
2026-07-16 16:15:33,361,695,277,59.9,20.0,52.9,1.0000,0.2069,0x05,Recording,0x08
2026-07-16 16:15:34,362,695,406,59.9,20.0,52.8,1.0000,0.2066,0x05,Recording,0x08
2026-07-16 16:15:34,363,695,512,59.9,20.0,52.8,1.0000,0.2065,0x05,Recording,0x08
2026-07-16 16:15:34,364,695,615,59.8,20.0,52.7,1.0000,0.2064,0x05,Recording,0x08
2026-07-16 16:15:34,365,695,721,59.8,20.0,52.6,1.0000,0.2063,0x05,Recording,0x08
2026-07-16 16:15:34,366,695,827,59.8,20.0,52.6,1.0000,0.2062,0x05,Recording,0x08
2026-07-16 16:15:34,367,695,930,59.8,20.0,52.5,1.0000,0.2062,0x05,Recording,0x08
2026-07-16 16:15:34,368,696,33,59.8,20.0,52.5,1.0000,0.2060,0x05,Recording,0x08
2026-07-16 16:15:34,369,696,139,59.8,20.0,52.4,1.0000,0.2059,0x05,Recording,0x08
2026-07-16 16:15:34,370,696,242,59.8,20.0,52.3,1.0000,0.2058,0x05,Recording,0x08
2026-07-16 16:15:34,371,696,345,59.8,20.0,52.3,1.0000,0.2057,0x05,Recording,0x08
2026-07-16 16:15:35,372,696,451,59.7,20.0,52.2,1.0000,0.2054,0x05,Recording,0x08
2026-07-16 16:15:35,373,696,557,59.7,20.0,52.1,1.0000,0.2054,0x05,Recording,0x08
2026-07-16 16:15:35,374,696,660,59.7,20.0,52.1,1.0000,0.2056,0x05,Recording,0x08
2026-07-16 16:15:35,375,696,763,59.7,20.0,52.0,1.0000,0.2051,0x05,Recording,0x08
2026-07-16 16:15:35,376,696,869,59.7,20.0,52.0,1.0000,0.2053,0x05,Recording,0x08
2026-07-16 16:15:35,377,696,972,59.7,20.0,52.0,1.0000,0.2055,0x05,Recording,0x08
2026-07-16 16:15:35,378,697,75,59.7,20.0,52.0,1.0000,0.2055,0x05,Recording,0x08
2026-07-16 16:15:35,379,697,179,59.7,20.0,52.0,1.0000,0.2054,0x05,Recording,0x08
2026-07-16 16:15:35,380,697,285,59.7,20.0,52.0,1.0000,0.2056,0x05,Recording,0x08
2026-07-16 16:15:35,381,697,388,59.7,20.0,51.9,1.0000,0.2055,0x05,Recording,0x08
2026-07-16 16:15:36,382,697,513,59.6,20.0,51.8,1.0000,0.2051,0x05,Recording,0x08
2026-07-16 16:15:36,383,697,616,59.6,20.0,51.8,1.0000,0.2048,0x05,Recording,0x08
2026-07-16 16:15:36,384,697,722,59.6,20.0,51.7,1.0000,0.2049,0x05,Recording,0x08
2026-07-16 16:15:36,385,697,825,59.6,20.0,51.6,1.0000,0.2049,0x05,Recording,0x08
2026-07-16 16:15:36,386,697,931,59.5,20.0,51.6,1.0000,0.2040,0x05,Recording,0x08
2026-07-16 16:15:36,387,698,37,59.4,20.0,51.5,1.0000,0.2035,0x05,Recording,0x08
2026-07-16 16:15:36,388,698,143,59.4,20.0,51.5,1.0000,0.2032,0x05,Recording,0x08
2026-07-16 16:15:36,389,698,246,59.3,20.0,51.4,1.0000,0.2025,0x05,Recording,0x08
2026-07-16 16:15:37,390,698,352,59.3,20.0,51.3,1.0000,0.2023,0x05,Recording,0x08
2026-07-16 16:15:37,391,698,455,59.3,20.0,51.3,1.0000,0.2027,0x05,Recording,0x08
2026-07-16 16:15:37,392,698,558,59.3,20.0,51.2,1.0000,0.2025,0x05,Recording,0x08
2026-07-16 16:15:37,393,698,664,59.3,20.0,51.1,1.0000,0.2027,0x05,Recording,0x08
2026-07-16 16:15:37,394,698,767,59.4,20.0,51.1,1.0000,0.2032,0x05,Recording,0x08
2026-07-16 16:15:37,395,698,870,59.4,20.0,51.0,1.0000,0.2034,0x05,Recording,0x08
2026-07-16 16:15:37,396,698,976,59.4,20.0,51.0,1.0000,0.2035,0x05,Recording,0x08
2026-07-16 16:15:37,397,699,82,59.5,20.0,51.0,1.0000,0.2039,0x05,Recording,0x08
2026-07-16 16:15:37,398,699,185,59.6,20.0,51.0,1.0000,0.2046,0x05,Recording,0x08
2026-07-16 16:15:37,399,699,288,59.6,20.0,51.0,1.0000,0.2047,0x05,Recording,0x08
2026-07-16 16:15:37,400,699,394,59.6,20.0,51.0,1.0000,0.2048,0x05,Recording,0x08
2026-07-16 16:15:38,401,699,497,59.6,20.0,50.9,1.0000,0.2048,0x05,Recording,0x08
2026-07-16 16:15:38,402,699,622,59.7,20.0,50.8,1.0000,0.2054,0x05,Recording,0x08
2026-07-16 16:15:38,403,699,725,59.8,20.0,50.8,1.0000,0.2059,0x05,Recording,0x08
2026-07-16 16:15:38,404,699,831,59.9,20.0,50.7,1.0000,0.2065,0x05,Recording,0x08
2026-07-16 16:15:38,405,699,934,60.0,20.0,50.6,1.0000,0.2073,0x05,Recording,0x08
2026-07-16 16:15:38,406,700,37,60.0,20.0,50.6,1.0000,0.2073,0x05,Recording,0x08
2026-07-16 16:15:38,407,700,140,60.0,20.0,50.5,1.0000,0.2072,0x05,Recording,0x08
2026-07-16 16:15:38,408,700,246,60.0,20.0,50.5,1.0000,0.2074,0x05,Recording,0x08
2026-07-16 16:15:38,409,700,349,60.0,20.0,50.4,1.0000,0.2071,0x05,Recording,0x08
2026-07-16 16:15:39,410,700,452,59.9,20.0,50.3,1.0000,0.2068,0x05,Recording,0x08
2026-07-16 16:15:39,411,700,558,59.9,20.0,50.3,1.0000,0.2066,0x05,Recording,0x08
2026-07-16 16:15:39,412,700,664,59.9,20.0,50.2,1.0000,0.2065,0x05,Recording,0x08
2026-07-16 16:15:39,413,700,770,59.9,20.0,50.1,1.0000,0.2064,0x05,Recording,0x08
2026-07-16 16:15:39,414,700,873,59.9,20.0,50.1,1.0000,0.2062,0x05,Recording,0x08
2026-07-16 16:15:39,415,700,979,59.9,20.0,50.0,1.0000,0.2065,0x05,Recording,0x08
2026-07-16 16:15:39,416,701,82,59.9,20.0,50.0,1.0000,0.2062,0x05,Recording,0x08
2026-07-16 16:15:39,417,701,185,59.9,20.0,50.0,1.0000,0.2062,0x05,Recording,0x08
2026-07-16 16:15:39,418,701,291,59.9,20.0,50.0,1.0000,0.2067,0x05,Recording,0x08
2026-07-16 16:15:39,419,701,394,60.0,20.0,50.0,1.0000,0.2070,0x05,Recording,0x08
2026-07-16 16:15:40,420,701,497,60.0,20.0,50.0,1.0000,0.2070,0x05,Recording,0x08
2026-07-16 16:15:40,421,701,603,60.0,20.0,49.9,1.0000,0.2071,0x05,Recording,0x08
2026-07-16 16:15:40,422,701,732,60.0,20.0,49.8,1.0000,0.2075,0x05,Recording,0x08
2026-07-16 16:15:40,423,701,835,60.1,20.0,49.8,1.0000,0.2078,0x05,Recording,0x08
2026-07-16 16:15:40,424,701,938,60.1,20.0,49.7,1.0000,0.2076,0x05,Recording,0x08
2026-07-16 16:15:40,425,702,44,60.1,20.0,49.6,1.0000,0.2078,0x05,Recording,0x08
2026-07-16 16:15:40,426,702,147,60.1,20.0,49.6,1.0000,0.2081,0x05,Recording,0x08
2026-07-16 16:15:40,427,702,250,60.1,20.0,49.5,1.0000,0.2082,0x05,Recording,0x08
2026-07-16 16:15:40,428,702,354,60.1,20.0,49.5,1.0000,0.2083,0x05,Recording,0x08
2026-07-16 16:15:41,429,702,460,60.1,20.0,49.4,1.0000,0.2083,0x05,Recording,0x08
2026-07-16 16:15:41,430,702,563,60.2,20.0,49.3,1.0000,0.2085,0x05,Recording,0x08
2026-07-16 16:15:41,431,702,666,60.1,20.0,49.3,1.0000,0.2083,0x05,Recording,0x08
2026-07-16 16:15:41,432,702,772,60.2,20.0,49.2,1.0000,0.2085,0x05,Recording,0x08
2026-07-16 16:15:41,433,702,875,60.2,20.0,49.1,1.0000,0.2086,0x05,Recording,0x08
2026-07-16 16:15:41,434,702,978,60.1,20.0,49.1,1.0000,0.2085,0x05,Recording,0x08
2026-07-16 16:15:41,435,703,84,60.1,20.0,49.0,1.0000,0.2083,0x05,Recording,0x08
2026-07-16 16:15:41,436,703,190,60.1,20.0,49.0,1.0000,0.2081,0x05,Recording,0x08
2026-07-16 16:15:41,437,703,296,60.1,20.0,49.0,1.0000,0.2078,0x05,Recording,0x08
2026-07-16 16:15:42,438,703,402,60.0,20.0,49.0,1.0000,0.2077,0x05,Recording,0x08
2026-07-16 16:15:42,439,703,505,60.0,20.0,49.0,1.0000,0.2070,0x05,Recording,0x08
2026-07-16 16:15:42,440,703,611,59.7,20.0,49.0,1.0000,0.2055,0x05,Recording,0x08
2026-07-16 16:15:42,441,703,714,59.5,20.0,49.0,1.0000,0.2041,0x05,Recording,0x08
2026-07-16 16:15:42,442,703,843,59.3,20.0,49.0,1.0000,0.2026,0x05,Recording,0x08
2026-07-16 16:15:42,443,703,946,59.1,20.0,49.0,1.0000,0.2014,0x05,Recording,0x08
2026-07-16 16:15:42,444,704,49,58.9,20.0,49.0,1.0000,0.2001,0x05,Recording,0x08
2026-07-16 16:15:42,445,704,153,58.7,20.0,49.0,1.0000,0.1987,0x05,Recording,0x08
2026-07-16 16:15:42,446,704,259,58.6,20.0,49.0,1.0000,0.1979,0x05,Recording,0x08
2026-07-16 16:15:42,447,704,362,58.5,20.0,49.0,1.0000,0.1974,0x05,Recording,0x08
2026-07-16 16:15:43,448,704,465,58.4,20.0,49.0,1.0000,0.1965,0x05,Recording,0x08
2026-07-16 16:15:43,449,704,571,58.3,20.0,49.0,1.0000,0.1959,0x05,Recording,0x08
2026-07-16 16:15:43,450,704,674,58.2,20.0,49.0,1.0000,0.1956,0x05,Recording,0x08
2026-07-16 16:15:43,451,704,777,58.2,20.0,49.0,1.0000,0.1951,0x05,Recording,0x08
2026-07-16 16:15:43,452,704,883,58.1,20.0,49.0,1.0000,0.1947,0x05,Recording,0x08
2026-07-16 16:15:43,453,704,989,58.1,20.0,49.0,1.0000,0.1946,0x05,Recording,0x08
2026-07-16 16:15:43,454,705,92,58.1,20.0,49.0,1.0000,0.1943,0x05,Recording,0x08
2026-07-16 16:15:43,455,705,195,58.1,20.0,49.0,1.0000,0.1943,0x05,Recording,0x08
2026-07-16 16:15:43,456,705,301,58.3,20.0,49.0,1.0000,0.1955,0x05,Recording,0x08
2026-07-16 16:15:43,457,705,404,58.4,20.0,49.0,1.0000,0.1963,0x05,Recording,0x08
2026-07-16 16:15:44,458,705,507,58.6,20.0,49.0,1.0000,0.1969,0x05,Recording,0x08
2026-07-16 16:15:44,459,705,613,58.7,20.0,49.0,1.0000,0.1975,0x05,Recording,0x08
2026-07-16 16:15:44,460,705,719,58.8,20.0,49.0,1.0000,0.1982,0x05,Recording,0x08
2026-07-16 16:15:44,461,705,822,58.9,20.0,48.9,1.0000,0.1988,0x05,Recording,0x08
2026-07-16 16:15:44,462,705,951,58.9,20.0,48.8,1.0000,0.1990,0x05,Recording,0x08
2026-07-16 16:15:44,463,706,57,58.9,20.0,48.8,1.0000,0.1991,0x05,Recording,0x08
2026-07-16 16:15:44,464,706,163,59.0,20.0,48.7,1.0000,0.1996,0x05,Recording,0x08
2026-07-16 16:15:44,465,706,266,59.0,20.0,48.6,1.0000,0.1997,0x05,Recording,0x08
2026-07-16 16:15:44,466,706,372,59.0,20.0,48.6,1.0000,0.1998,0x05,Recording,0x08
2026-07-16 16:15:45,467,706,475,59.1,20.0,48.5,1.0000,0.2002,0x05,Recording,0x08
2026-07-16 16:15:45,468,706,578,59.1,20.0,48.5,1.0000,0.2003,0x05,Recording,0x08
2026-07-16 16:15:45,469,706,684,59.1,20.0,48.4,1.0000,0.2004,0x05,Recording,0x08
2026-07-16 16:15:45,470,706,788,59.1,20.0,48.3,1.0000,0.2004,0x05,Recording,0x08
2026-07-16 16:15:45,471,706,891,59.1,20.0,48.3,1.0000,0.2006,0x05,Recording,0x08
2026-07-16 16:15:45,472,706,994,59.1,20.0,48.2,1.0000,0.2005,0x05,Recording,0x08
2026-07-16 16:15:45,473,707,100,59.2,20.0,48.1,1.0000,0.2009,0x05,Recording,0x08
2026-07-16 16:15:45,474,707,203,59.3,20.0,48.1,1.0000,0.2014,0x05,Recording,0x08
2026-07-16 16:15:45,475,707,306,59.3,20.0,48.0,1.0000,0.2018,0x05,Recording,0x08
2026-07-16 16:15:45,476,707,412,59.4,20.0,48.0,1.0000,0.2023,0x05,Recording,0x08
2026-07-16 16:15:46,477,707,515,59.4,20.0,48.0,1.0000,0.2029,0x05,Recording,0x08
2026-07-16 16:15:46,478,707,618,59.5,20.0,48.0,1.0000,0.2034,0x05,Recording,0x08
2026-07-16 16:15:46,479,707,721,59.6,20.0,48.0,1.0000,0.2036,0x05,Recording,0x08
2026-07-16 16:15:46,480,707,827,59.6,20.0,48.0,1.0000,0.2040,0x05,Recording,0x08
2026-07-16 16:15:46,481,707,930,59.7,20.0,48.0,1.0000,0.2044,0x05,Recording,0x08
2026-07-16 16:15:46,482,708,55,59.7,20.0,48.0,1.0000,0.2046,0x05,Recording,0x08
2026-07-16 16:15:46,483,708,158,59.7,20.0,48.0,1.0000,0.2045,0x05,Recording,0x08
2026-07-16 16:15:46,484,708,264,59.7,20.0,48.0,1.0000,0.2049,0x05,Recording,0x08
2026-07-16 16:15:46,485,708,367,59.8,20.0,48.0,1.0000,0.2051,0x05,Recording,0x08
2026-07-16 16:15:47,486,708,470,59.8,20.0,48.0,1.0000,0.2052,0x05,Recording,0x08
2026-07-16 16:15:47,487,708,576,59.8,20.0,48.0,1.0000,0.2053,0x05,Recording,0x08
2026-07-16 16:15:47,488,708,682,59.9,20.0,48.0,1.0000,0.2056,0x05,Recording,0x08
2026-07-16 16:15:47,489,708,788,59.9,20.0,48.0,1.0000,0.2057,0x05,Recording,0x08
2026-07-16 16:15:47,490,708,891,59.9,20.0,48.0,1.0000,0.2056,0x05,Recording,0x08
2026-07-16 16:15:47,491,708,997,59.9,20.0,48.0,1.0000,0.2058,0x05,Recording,0x08
2026-07-16 16:15:47,492,709,100,59.9,20.0,48.0,1.0000,0.2058,0x05,Recording,0x08
2026-07-16 16:15:47,493,709,203,59.9,20.0,48.0,1.0000,0.2057,0x05,Recording,0x08
2026-07-16 16:15:47,494,709,309,59.9,20.0,48.0,1.0000,0.2057,0x05,Recording,0x08
2026-07-16 16:15:47,495,709,412,59.9,20.0,48.0,1.0000,0.2058,0x05,Recording,0x08
2026-07-16 16:15:48,496,709,515,59.9,20.0,48.0,1.0000,0.2057,0x05,Recording,0x08
2026-07-16 16:15:48,497,709,621,59.9,20.0,48.0,1.0000,0.2057,0x05,Recording,0x08
2026-07-16 16:15:48,498,709,724,59.9,20.0,48.0,1.0000,0.2057,0x05,Recording,0x08
2026-07-16 16:15:48,499,709,827,59.9,20.0,48.0,1.0000,0.2059,0x05,Recording,0x08
2026-07-16 16:15:48,500,709,930,59.9,20.0,48.0,1.0000,0.2058,0x05,Recording,0x08
2026-07-16 16:15:48,501,710,36,59.9,20.0,47.9,1.0000,0.2059,0x05,Recording,0x08
2026-07-16 16:15:48,502,710,162,59.9,20.0,47.8,1.0000,0.2060,0x05,Recording,0x08
2026-07-16 16:15:48,503,710,265,59.9,20.0,47.8,1.0000,0.2062,0x05,Recording,0x08
2026-07-16 16:15:48,504,710,368,59.9,20.0,47.7,1.0000,0.2062,0x05,Recording,0x08
2026-07-16 16:15:49,505,710,474,59.9,20.0,47.6,1.0000,0.2062,0x05,Recording,0x08
2026-07-16 16:15:49,506,710,577,60.0,20.0,47.6,1.0000,0.2064,0x05,Recording,0x08
2026-07-16 16:15:49,507,710,680,59.9,20.0,47.5,1.0000,0.2063,0x05,Recording,0x08
2026-07-16 16:15:49,508,710,786,59.9,20.0,47.5,1.0000,0.2063,0x05,Recording,0x08
2026-07-16 16:15:49,509,710,890,60.0,20.0,47.4,1.0000,0.2065,0x05,Recording,0x08
2026-07-16 16:15:49,510,710,993,60.0,20.0,47.3,1.0000,0.2065,0x05,Recording,0x08
2026-07-16 16:15:49,511,711,96,59.9,20.0,47.3,1.0000,0.2063,0x05,Recording,0x08
2026-07-16 16:15:49,512,711,202,59.9,20.0,47.2,1.0000,0.2063,0x05,Recording,0x08
2026-07-16 16:15:49,513,711,308,59.9,20.0,47.1,1.0000,0.2061,0x05,Recording,0x08
2026-07-16 16:15:49,514,711,414,59.9,20.0,47.1,1.0000,0.2061,0x05,Recording,0x08
2026-07-16 16:15:50,515,711,517,59.9,20.0,47.0,1.0000,0.2059,0x05,Recording,0x08
2026-07-16 16:15:50,516,711,623,59.9,20.0,47.0,1.0000,0.2060,0x05,Recording,0x08
2026-07-16 16:15:50,517,711,726,59.9,20.0,47.0,1.0000,0.2058,0x05,Recording,0x08
2026-07-16 16:15:50,518,711,832,59.9,20.0,47.0,1.0000,0.2058,0x05,Recording,0x08
2026-07-16 16:15:50,519,711,936,59.9,20.0,47.0,1.0000,0.2058,0x05,Recording,0x08
2026-07-16 16:15:50,520,712,39,59.9,20.0,47.0,1.0000,0.2060,0x05,Recording,0x08
2026-07-16 16:15:50,521,712,142,59.9,20.0,47.0,1.0000,0.2058,0x05,Recording,0x08
2026-07-16 16:15:50,522,712,271,59.9,20.0,47.0,1.0000,0.2058,0x05,Recording,0x08
2026-07-16 16:15:50,523,712,374,59.9,20.0,47.0,1.0000,0.2059,0x05,Recording,0x08
2026-07-16 16:15:51,524,712,477,59.9,20.0,47.0,1.0000,0.2057,0x05,Recording,0x08
2026-07-16 16:15:51,525,712,583,59.9,20.0,47.0,1.0000,0.2057,0x05,Recording,0x08
2026-07-16 16:15:51,526,712,689,59.9,20.0,47.0,1.0000,0.2057,0x05,Recording,0x08
2026-07-16 16:15:51,527,712,792,59.9,20.0,47.0,1.0000,0.2058,0x05,Recording,0x08
2026-07-16 16:15:51,528,712,895,59.9,20.0,47.0,1.0000,0.2059,0x05,Recording,0x08
2026-07-16 16:15:51,529,713,1,59.9,20.0,47.0,1.0000,0.2060,0x05,Recording,0x08
2026-07-16 16:15:51,530,713,104,59.9,20.0,47.0,1.0000,0.2060,0x05,Recording,0x08
2026-07-16 16:15:51,531,713,207,59.9,20.0,47.0,1.0000,0.2061,0x05,Recording,0x08
2026-07-16 16:15:51,532,713,313,59.9,20.0,47.0,1.0000,0.2061,0x05,Recording,0x08
2026-07-16 16:15:51,533,713,418,59.9,20.0,47.0,1.0000,0.2062,0x05,Recording,0x08
2026-07-16 16:15:52,534,713,521,59.9,20.0,47.0,1.0000,0.2062,0x05,Recording,0x08
2026-07-16 16:15:52,535,713,624,59.9,20.0,47.0,1.0000,0.2059,0x05,Recording,0x08
2026-07-16 16:15:52,536,713,730,59.9,20.0,47.0,1.0000,0.2056,0x05,Recording,0x08
2026-07-16 16:15:52,537,713,833,59.8,20.0,47.0,1.0000,0.2054,0x05,Recording,0x08
2026-07-16 16:15:52,538,713,939,59.8,20.0,47.0,1.0000,0.2051,0x05,Recording,0x08
2026-07-16 16:15:52,539,714,45,59.7,20.0,47.0,1.0000,0.2044,0x05,Recording,0x08
2026-07-16 16:15:52,540,714,151,59.7,20.0,47.0,1.0000,0.2045,0x05,Recording,0x08
2026-07-16 16:15:52,541,714,254,59.7,20.0,47.0,1.0000,0.2042,0x05,Recording,0x08
2026-07-16 16:15:52,542,714,383,59.6,20.0,47.0,1.0000,0.2040,0x05,Recording,0x08
2026-07-16 16:15:53,543,714,489,59.6,20.0,47.0,1.0000,0.2038,0x05,Recording,0x08
2026-07-16 16:15:53,544,714,592,59.6,20.0,47.0,1.0000,0.2039,0x05,Recording,0x08
2026-07-16 16:15:53,545,714,695,59.6,20.0,47.0,1.0000,0.2036,0x05,Recording,0x08
2026-07-16 16:15:53,546,714,801,59.6,20.0,47.0,1.0000,0.2035,0x05,Recording,0x08
2026-07-16 16:15:53,547,714,904,59.6,20.0,47.0,1.0000,0.2035,0x05,Recording,0x08
2026-07-16 16:15:53,548,715,7,59.5,20.0,47.0,1.0000,0.2032,0x05,Recording,0x08
2026-07-16 16:15:53,549,715,113,59.5,20.0,47.0,1.0000,0.2029,0x05,Recording,0x08
2026-07-16 16:15:53,550,715,219,59.5,20.0,47.0,1.0000,0.2028,0x05,Recording,0x08
2026-07-16 16:15:53,551,715,322,59.5,20.0,47.0,1.0000,0.2030,0x05,Recording,0x08
2026-07-16 16:15:53,552,715,425,59.4,20.0,47.0,1.0000,0.2025,0x05,Recording,0x08
2026-07-16 16:15:54,553,715,531,59.5,20.0,47.0,1.0000,0.2027,0x05,Recording,0x08
2026-07-16 16:15:54,554,715,634,59.5,20.0,47.0,1.0000,0.2029,0x05,Recording,0x08
2026-07-16 16:15:54,555,715,737,59.5,20.0,47.0,1.0000,0.2032,0x05,Recording,0x08
2026-07-16 16:15:54,556,715,841,59.5,20.0,47.0,1.0000,0.2031,0x05,Recording,0x08
2026-07-16 16:15:54,557,715,947,59.5,20.0,47.0,1.0000,0.2033,0x05,Recording,0x08
2026-07-16 16:15:54,558,716,50,59.5,20.0,47.0,1.0000,0.2033,0x05,Recording,0x08
2026-07-16 16:15:54,559,716,153,59.5,20.0,47.0,1.0000,0.2028,0x05,Recording,0x08
2026-07-16 16:15:54,560,716,259,59.5,20.0,47.0,1.0000,0.2028,0x05,Recording,0x08
2026-07-16 16:15:54,561,716,362,59.5,20.0,46.9,1.0000,0.2030,0x05,Recording,0x08
2026-07-16 16:15:55,562,716,487,59.4,20.0,46.8,1.0000,0.2027,0x05,Recording,0x08
2026-07-16 16:15:55,563,716,593,59.4,20.0,46.8,1.0000,0.2025,0x05,Recording,0x08
2026-07-16 16:15:55,564,716,699,59.4,20.0,46.7,1.0000,0.2025,0x05,Recording,0x08
2026-07-16 16:15:55,565,716,805,59.4,20.0,46.6,1.0000,0.2026,0x05,Recording,0x08
2026-07-16 16:15:55,566,716,908,59.4,20.0,46.6,1.0000,0.2025,0x05,Recording,0x08
2026-07-16 16:15:55,567,717,14,59.4,20.0,46.5,1.0000,0.2025,0x05,Recording,0x08
2026-07-16 16:15:55,568,717,117,59.5,20.0,46.5,1.0000,0.2031,0x05,Recording,0x08
2026-07-16 16:15:55,569,717,220,59.5,20.0,46.4,1.0000,0.2030,0x05,Recording,0x08
2026-07-16 16:15:55,570,717,324,59.5,20.0,46.3,1.0000,0.2029,0x05,Recording,0x08
2026-07-16 16:15:55,571,717,430,59.5,20.0,46.3,1.0000,0.2031,0x05,Recording,0x08
2026-07-16 16:15:56,572,717,533,59.5,20.0,46.2,1.0000,0.2034,0x05,Recording,0x08
2026-07-16 16:15:56,573,717,636,59.5,20.0,46.1,1.0000,0.2033,0x05,Recording,0x08
2026-07-16 16:15:56,574,717,742,59.5,20.0,46.1,1.0000,0.2034,0x05,Recording,0x08
2026-07-16 16:15:56,575,717,845,59.6,20.0,46.0,1.0000,0.2040,0x05,Recording,0x08
2026-07-16 16:15:56,576,717,948,59.6,20.0,46.0,1.0000,0.2039,0x05,Recording,0x08
2026-07-16 16:15:56,577,718,54,59.6,20.0,46.0,1.0000,0.2037,0x05,Recording,0x08
2026-07-16 16:15:56,578,718,160,59.6,20.0,46.0,1.0000,0.2040,0x05,Recording,0x08
2026-07-16 16:15:56,579,718,263,59.7,20.0,46.0,1.0000,0.2043,0x05,Recording,0x08
2026-07-16 16:15:56,580,718,366,59.7,20.0,46.0,1.0000,0.2044,0x05,Recording,0x08
2026-07-16 16:15:56,581,718,472,59.7,20.0,46.0,1.0000,0.2045,0x05,Recording,0x08
2026-07-16 16:15:57,582,718,601,59.7,20.0,46.0,1.0000,0.2047,0x05,Recording,0x08
2026-07-16 16:15:57,583,718,704,59.7,20.0,46.0,1.0000,0.2047,0x05,Recording,0x08
2026-07-16 16:15:57,584,718,807,59.6,20.0,46.0,1.0000,0.2041,0x05,Recording,0x08
2026-07-16 16:15:57,585,718,913,59.7,20.0,46.0,1.0000,0.2043,0x05,Recording,0x08
2026-07-16 16:15:57,586,719,16,59.7,20.0,46.0,1.0000,0.2045,0x05,Recording,0x08
2026-07-16 16:15:57,587,719,119,59.7,20.0,46.0,1.0000,0.2043,0x05,Recording,0x08
2026-07-16 16:15:57,588,719,225,59.6,20.0,46.0,1.0000,0.2041,0x05,Recording,0x08
2026-07-16 16:15:57,589,719,331,59.6,20.0,46.0,1.0000,0.2041,0x05,Recording,0x08
2026-07-16 16:15:57,590,719,437,59.6,20.0,46.0,1.0000,0.2041,0x05,Recording,0x08
2026-07-16 16:15:58,591,719,540,59.6,20.0,46.0,1.0000,0.2039,0x05,Recording,0x08
2026-07-16 16:15:58,592,719,646,59.6,20.0,46.0,1.0000,0.2040,0x05,Recording,0x08
2026-07-16 16:15:58,593,719,749,59.7,20.0,46.0,1.0000,0.2042,0x05,Recording,0x08
2026-07-16 16:15:58,594,719,852,59.6,20.0,46.0,1.0000,0.2037,0x05,Recording,0x08
2026-07-16 16:15:58,595,719,958,59.6,20.0,46.0,1.0000,0.2037,0x05,Recording,0x08
2026-07-16 16:15:58,596,720,61,59.6,20.0,46.0,1.0000,0.2039,0x05,Recording,0x08
2026-07-16 16:15:58,597,720,164,59.6,20.0,46.0,1.0000,0.2037,0x05,Recording,0x08
2026-07-16 16:15:58,598,720,268,59.6,20.0,46.0,1.0000,0.2036,0x05,Recording,0x08
2026-07-16 16:15:58,599,720,374,59.6,20.0,46.0,1.0000,0.2037,0x05,Recording,0x08
2026-07-16 16:15:59,600,720,477,59.7,20.0,46.0,1.0000,0.2042,0x05,Recording,0x08
2026-07-16 16:15:59,601,720,580,59.6,20.0,46.0,1.0000,0.2038,0x05,Recording,0x08
2026-07-16 16:15:59,602,720,709,59.6,20.0,46.0,1.0000,0.2038,0x05,Recording,0x08
2026-07-16 16:15:59,603,720,812,59.6,20.0,46.0,1.0000,0.2040,0x05,Recording,0x08
2026-07-16 16:15:59,604,720,915,59.6,20.0,46.0,1.0000,0.2036,0x05,Recording,0x08
2026-07-16 16:15:59,605,721,18,59.6,20.0,46.0,1.0000,0.2036,0x05,Recording,0x08
2026-07-16 16:15:59,606,721,124,59.6,20.0,46.0,1.0000,0.2036,0x05,Recording,0x08
2026-07-16 16:15:59,607,721,227,59.6,20.0,46.0,1.0000,0.2038,0x05,Recording,0x08
2026-07-16 16:15:59,608,721,330,59.6,20.0,46.0,1.0000,0.2036,0x05,Recording,0x08
2026-07-16 16:15:59,609,721,436,59.6,20.0,46.0,1.0000,0.2037,0x05,Recording,0x08
2026-07-16 16:16:00,610,721,539,59.7,20.0,46.0,1.0000,0.2042,0x05,Recording,0x08
2026-07-16 16:16:00,611,721,642,59.6,20.0,46.0,1.0000,0.2040,0x05,Recording,0x08
2026-07-16 16:16:00,612,721,746,59.6,20.0,46.0,1.0000,0.2039,0x05,Recording,0x08
2026-07-16 16:16:00,613,721,852,59.6,20.0,46.0,1.0000,0.2038,0x05,Recording,0x08
2026-07-16 16:16:00,614,721,958,59.6,20.0,46.0,1.0000,0.2038,0x05,Recording,0x08
2026-07-16 16:16:00,615,722,64,59.6,20.0,46.0,1.0000,0.2037,0x05,Recording,0x08
2026-07-16 16:16:00,616,722,167,59.5,20.0,46.0,1.0000,0.2032,0x05,Recording,0x08
2026-07-16 16:16:00,617,722,273,59.6,20.0,46.0,1.0000,0.2036,0x05,Recording,0x08
2026-07-16 16:16:00,618,722,376,59.5,20.0,46.0,1.0000,0.2033,0x05,Recording,0x08
2026-07-16 16:16:00,619,722,482,59.5,20.0,46.0,1.0000,0.2033,0x05,Recording,0x08
2026-07-16 16:16:01,620,722,585,59.6,20.0,46.0,1.0000,0.2037,0x05,Recording,0x08
2026-07-16 16:16:01,621,722,688,59.6,20.0,46.0,1.0000,0.2037,0x05,Recording,0x08
2026-07-16 16:16:01,622,722,815,59.6,20.0,46.0,1.0000,0.2034,0x05,Recording,0x08
2026-07-16 16:16:01,623,722,921,59.6,20.0,46.0,1.0000,0.2033,0x05,Recording,0x08
2026-07-16 16:16:01,624,723,24,59.6,20.0,46.0,1.0000,0.2036,0x05,Recording,0x08
2026-07-16 16:16:01,625,723,127,59.5,20.0,46.0,1.0000,0.2032,0x05,Recording,0x08
2026-07-16 16:16:01,626,723,233,59.5,20.0,46.0,1.0000,0.2032,0x05,Recording,0x08
2026-07-16 16:16:01,627,723,336,59.6,20.0,46.0,1.0000,0.2035,0x05,Recording,0x08
2026-07-16 16:16:01,628,723,439,59.6,20.0,46.0,1.0000,0.2035,0x05,Recording,0x08
2026-07-16 16:16:02,629,723,543,59.6,20.0,46.0,1.0000,0.2037,0x05,Recording,0x08
2026-07-16 16:16:02,630,723,649,59.6,20.0,46.0,1.0000,0.2039,0x05,Recording,0x08
2026-07-16 16:16:02,631,723,752,59.7,20.0,46.0,1.0000,0.2042,0x05,Recording,0x08
2026-07-16 16:16:02,632,723,855,59.7,20.0,46.0,1.0000,0.2042,0x05,Recording,0x08
2026-07-16 16:16:02,633,723,961,59.7,20.0,46.0,1.0000,0.2043,0x05,Recording,0x08
2026-07-16 16:16:02,634,724,64,59.7,20.0,46.0,1.0000,0.2046,0x05,Recording,0x08
2026-07-16 16:16:02,635,724,167,59.7,20.0,46.0,1.0000,0.2046,0x05,Recording,0x08
2026-07-16 16:16:02,636,724,271,59.7,20.0,46.0,1.0000,0.2045,0x05,Recording,0x08
2026-07-16 16:16:02,637,724,377,59.7,20.0,46.0,1.0000,0.2048,0x05,Recording,0x08
2026-07-16 16:16:03,638,724,480,59.8,20.0,46.0,1.0000,0.2050,0x05,Recording,0x08
2026-07-16 16:16:03,639,724,586,59.7,20.0,46.0,1.0000,0.2049,0x05,Recording,0x08
2026-07-16 16:16:03,640,724,692,59.7,20.0,46.0,1.0000,0.2047,0x05,Recording,0x08
2026-07-16 16:16:03,641,724,798,59.8,20.0,45.8,1.0000,0.2051,0x05,Recording,0x08
2026-07-16 16:16:03,642,724,923,59.8,20.1,45.7,1.0000,0.2049,0x05,Recording,0x08
2026-07-16 16:16:03,643,725,26,59.7,20.1,45.6,1.0000,0.2046,0x05,Recording,0x08
2026-07-16 16:16:03,644,725,132,59.7,20.2,45.5,1.0000,0.2047,0x05,Recording,0x08
2026-07-16 16:16:03,645,725,235,59.7,20.3,45.3,1.0000,0.2047,0x05,Recording,0x08
2026-07-16 16:16:03,646,725,338,59.7,20.3,45.2,1.0000,0.2045,0x05,Recording,0x08
2026-07-16 16:16:03,647,725,444,59.7,20.4,45.1,1.0000,0.2043,0x05,Recording,0x08
2026-07-16 16:16:04,648,725,547,59.7,20.5,45.0,1.0000,0.2046,0x05,Recording,0x08
2026-07-16 16:16:04,649,725,650,59.7,20.5,44.8,1.0000,0.2044,0x05,Recording,0x08
2026-07-16 16:16:04,650,725,753,59.6,20.6,44.7,1.0000,0.2040,0x05,Recording,0x08
2026-07-16 16:16:04,651,725,859,59.6,20.6,44.6,1.0000,0.2040,0x05,Recording,0x08
2026-07-16 16:16:04,652,725,962,59.6,20.7,44.5,1.0000,0.2041,0x05,Recording,0x08
2026-07-16 16:16:04,653,726,65,59.6,20.8,44.3,1.0000,0.2038,0x05,Recording,0x08
2026-07-16 16:16:04,654,726,171,59.6,20.8,44.2,1.0000,0.2039,0x05,Recording,0x08
2026-07-16 16:16:04,655,726,274,59.6,20.9,44.1,1.0000,0.2039,0x05,Recording,0x08
2026-07-16 16:16:04,656,726,377,59.6,21.0,44.0,1.0000,0.2039,0x05,Recording,0x08
2026-07-16 16:16:04,657,726,480,59.6,21.0,44.0,1.0000,0.2036,0x05,Recording,0x08
2026-07-16 16:16:05,658,726,586,59.6,21.0,44.0,1.0000,0.2037,0x05,Recording,0x08
2026-07-16 16:16:05,659,726,689,59.6,21.0,44.0,1.0000,0.2038,0x05,Recording,0x08
2026-07-16 16:16:05,660,726,792,59.6,21.0,44.0,1.0000,0.2035,0x05,Recording,0x08
2026-07-16 16:16:05,661,726,898,59.6,21.0,44.0,1.0000,0.2035,0x05,Recording,0x08
2026-07-16 16:16:05,662,727,26,59.6,21.0,44.0,1.0000,0.2035,0x05,Recording,0x08
2026-07-16 16:16:05,663,727,129,59.5,21.0,44.0,1.0000,0.2033,0x05,Recording,0x08
2026-07-16 16:16:05,664,727,235,59.5,21.0,44.0,1.0000,0.2031,0x05,Recording,0x08
2026-07-16 16:16:05,665,727,341,59.5,21.0,44.0,1.0000,0.2031,0x05,Recording,0x08
2026-07-16 16:16:05,666,727,447,59.5,21.0,44.0,1.0000,0.2033,0x05,Recording,0x08
2026-07-16 16:16:06,667,727,550,59.5,21.0,44.0,1.0000,0.2032,0x05,Recording,0x08
2026-07-16 16:16:06,668,727,656,59.5,21.0,44.0,1.0000,0.2032,0x05,Recording,0x08
2026-07-16 16:16:06,669,727,759,59.6,21.0,44.0,1.0000,0.2035,0x05,Recording,0x08
2026-07-16 16:16:06,670,727,862,59.6,21.0,44.0,1.0000,0.2035,0x05,Recording,0x08
2026-07-16 16:16:06,671,727,968,59.6,21.0,44.0,1.0000,0.2036,0x05,Recording,0x08
2026-07-16 16:16:06,672,728,74,59.6,21.0,44.0,1.0000,0.2035,0x05,Recording,0x08
2026-07-16 16:16:06,673,728,177,59.6,21.0,44.0,1.0000,0.2039,0x05,Recording,0x08
2026-07-16 16:16:06,674,728,280,59.6,21.0,44.0,1.0000,0.2038,0x05,Recording,0x08
2026-07-16 16:16:06,675,728,386,59.6,21.0,44.0,1.0000,0.2036,0x05,Recording,0x08
2026-07-16 16:16:07,676,728,489,59.6,21.0,44.0,1.0000,0.2038,0x05,Recording,0x08
2026-07-16 16:16:07,677,728,592,59.6,21.0,44.0,1.0000,0.2035,0x05,Recording,0x08
2026-07-16 16:16:07,678,728,698,59.5,21.0,44.0,1.0000,0.2032,0x05,Recording,0x08
2026-07-16 16:16:07,679,728,804,59.5,21.0,44.0,1.0000,0.2033,0x05,Recording,0x08
2026-07-16 16:16:07,680,728,907,59.6,21.0,44.0,1.0000,0.2036,0x05,Recording,0x08
2026-07-16 16:16:07,681,729,10,59.6,21.0,44.0,1.0000,0.2035,0x05,Recording,0x08
2026-07-16 16:16:07,682,729,138,59.6,21.0,44.0,1.0000,0.2039,0x05,Recording,0x08
2026-07-16 16:16:07,683,729,241,59.7,21.0,44.0,1.0000,0.2044,0x05,Recording,0x08
2026-07-16 16:16:07,684,729,344,59.7,21.0,44.0,1.0000,0.2047,0x05,Recording,0x08
2026-07-16 16:16:07,685,729,450,59.7,21.0,44.0,1.0000,0.2050,0x05,Recording,0x08
2026-07-16 16:16:08,686,729,556,59.8,21.0,44.0,1.0000,0.2054,0x05,Recording,0x08
2026-07-16 16:16:08,687,729,659,59.8,21.0,44.0,1.0000,0.2057,0x05,Recording,0x08
2026-07-16 16:16:08,688,729,762,59.9,21.0,44.0,1.0000,0.2062,0x05,Recording,0x08
2026-07-16 16:16:08,689,729,868,59.9,21.0,44.0,1.0000,0.2064,0x05,Recording,0x08
2026-07-16 16:16:08,690,729,974,60.0,21.0,44.0,1.0000,0.2067,0x05,Recording,0x08
2026-07-16 16:16:08,691,730,80,60.0,21.0,44.0,1.0000,0.2073,0x05,Recording,0x08
2026-07-16 16:16:08,692,730,183,60.1,21.0,44.0,1.0000,0.2077,0x05,Recording,0x08
2026-07-16 16:16:08,693,730,289,60.2,21.0,44.0,1.0000,0.2084,0x05,Recording,0x08
2026-07-16 16:16:08,694,730,392,60.3,21.0,44.0,1.0000,0.2091,0x05,Recording,0x08
2026-07-16 16:16:08,695,730,496,60.3,21.0,44.0,1.0000,0.2096,0x05,Recording,0x08
2026-07-16 16:16:09,696,730,602,60.4,21.0,44.0,1.0000,0.2099,0x05,Recording,0x08
2026-07-16 16:16:09,697,730,705,60.5,21.0,44.0,1.0000,0.2106,0x05,Recording,0x08
2026-07-16 16:16:09,698,730,808,60.4,21.0,44.0,1.0000,0.2104,0x05,Recording,0x08
2026-07-16 16:16:09,699,730,914,60.5,21.0,44.0,1.0000,0.2105,0x05,Recording,0x08
2026-07-16 16:16:09,700,731,17,60.5,21.0,44.0,1.0000,0.2107,0x05,Recording,0x08
2026-07-16 16:16:09,701,731,120,60.5,21.0,44.0,1.0000,0.2106,0x05,Recording,0x08
2026-07-16 16:16:09,702,731,246,60.5,21.0,44.0,1.0000,0.2105,0x05,Recording,0x08
2026-07-16 16:16:09,703,731,352,60.5,21.0,44.0,1.0000,0.2105,0x05,Recording,0x08
2026-07-16 16:16:09,704,731,455,60.5,21.0,44.0,1.0000,0.2106,0x05,Recording,0x08
2026-07-16 16:16:09,705,731,558,60.4,21.0,44.0,1.0000,0.2104,0x05,Recording,0x08
2026-07-16 16:16:10,706,731,664,60.4,21.0,44.0,1.0000,0.2103,0x05,Recording,0x08
2026-07-16 16:16:10,707,731,767,60.4,21.0,44.0,1.0000,0.2101,0x05,Recording,0x08
2026-07-16 16:16:10,708,731,870,60.4,21.0,44.0,1.0000,0.2100,0x05,Recording,0x08
2026-07-16 16:16:10,709,731,974,60.4,21.0,44.0,1.0000,0.2098,0x05,Recording,0x08
2026-07-16 16:16:10,710,732,80,60.4,21.0,44.0,1.0000,0.2098,0x05,Recording,0x08
2026-07-16 16:16:10,711,732,183,60.4,21.0,44.0,1.0000,0.2097,0x05,Recording,0x08
2026-07-16 16:16:10,712,732,286,60.2,21.0,44.0,1.0000,0.2087,0x05,Recording,0x08
2026-07-16 16:16:10,713,732,392,60.2,21.0,44.0,1.0000,0.2081,0x05,Recording,0x08
2026-07-16 16:16:10,714,732,495,60.1,21.0,44.0,1.0000,0.2074,0x05,Recording,0x08
2026-07-16 16:16:10,715,732,601,60.0,21.0,44.0,1.0000,0.2069,0x05,Recording,0x08
2026-07-16 16:16:11,716,732,707,59.9,21.0,44.0,1.0000,0.2062,0x05,Recording,0x08
2026-07-16 16:16:11,717,732,813,59.9,21.0,44.0,1.0000,0.2062,0x05,Recording,0x08
2026-07-16 16:16:11,718,732,916,59.8,21.0,44.0,1.0000,0.2058,0x05,Recording,0x08
2026-07-16 16:16:11,719,733,19,59.8,21.0,44.0,1.0000,0.2056,0x05,Recording,0x08
2026-07-16 16:16:11,720,733,125,59.8,21.0,44.0,1.0000,0.2056,0x05,Recording,0x08
2026-07-16 16:16:11,721,733,228,59.9,21.0,44.0,1.0000,0.2059,0x05,Recording,0x08
2026-07-16 16:16:11,722,733,353,59.9,21.0,44.0,1.0000,0.2060,0x05,Recording,0x08
2026-07-16 16:16:11,723,733,456,59.9,21.0,44.0,1.0000,0.2060,0x05,Recording,0x08
2026-07-16 16:16:12,724,733,562,59.9,21.0,44.0,1.0000,0.2061,0x05,Recording,0x08
2026-07-16 16:16:12,725,733,665,59.9,21.0,44.0,1.0000,0.2060,0x05,Recording,0x08
2026-07-16 16:16:12,726,733,768,59.9,21.0,44.0,1.0000,0.2060,0x05,Recording,0x08
2026-07-16 16:16:12,727,733,874,59.9,21.0,44.0,1.0000,0.2061,0x05,Recording,0x08
2026-07-16 16:16:12,728,733,977,60.0,21.0,44.0,1.0000,0.2070,0x05,Recording,0x08
2026-07-16 16:16:12,729,734,80,60.0,21.0,44.0,1.0000,0.2074,0x05,Recording,0x08
2026-07-16 16:16:12,730,734,184,60.1,21.0,44.0,1.0000,0.2077,0x05,Recording,0x08
2026-07-16 16:16:12,731,734,290,60.1,21.0,44.0,1.0000,0.2080,0x05,Recording,0x08
2026-07-16 16:16:12,732,734,393,60.2,21.0,44.0,1.0000,0.2084,0x05,Recording,0x08
2026-07-16 16:16:12,733,734,496,60.2,21.0,44.0,1.0000,0.2081,0x05,Recording,0x08
2026-07-16 16:16:13,734,734,602,60.2,21.0,44.0,1.0000,0.2083,0x05,Recording,0x08
2026-07-16 16:16:13,735,734,705,60.2,21.0,44.0,1.0000,0.2083,0x05,Recording,0x08
2026-07-16 16:16:13,736,734,808,60.2,21.0,44.0,1.0000,0.2080,0x05,Recording,0x08
2026-07-16 16:16:13,737,734,914,60.1,21.0,44.0,1.0000,0.2077,0x05,Recording,0x08
2026-07-16 16:16:13,738,735,20,60.1,21.0,44.0,1.0000,0.2076,0x05,Recording,0x08
2026-07-16 16:16:13,739,735,123,60.1,21.0,44.0,1.0000,0.2074,0x05,Recording,0x08
2026-07-16 16:16:13,740,735,229,60.0,21.0,44.0,1.0000,0.2071,0x05,Recording,0x08
2026-07-16 16:16:13,741,735,335,60.0,21.0,44.0,1.0000,0.2071,0x05,Recording,0x08
2026-07-16 16:16:13,742,735,463,60.0,21.0,44.0,1.0000,0.2070,0x05,Recording,0x08
2026-07-16 16:16:13,743,735,566,60.0,21.0,44.0,1.0000,0.2068,0x05,Recording,0x08
2026-07-16 16:16:14,744,735,672,60.0,21.0,44.0,1.0000,0.2066,0x05,Recording,0x08
2026-07-16 16:16:14,745,735,775,60.0,21.0,44.0,1.0000,0.2065,0x05,Recording,0x08
2026-07-16 16:16:14,746,735,878,60.0,21.0,44.0,1.0000,0.2068,0x05,Recording,0x08
2026-07-16 16:16:14,747,735,984,60.0,21.0,44.0,1.0000,0.2069,0x05,Recording,0x08
2026-07-16 16:16:14,748,736,90,60.0,21.0,44.0,1.0000,0.2070,0x05,Recording,0x08
2026-07-16 16:16:14,749,736,193,60.1,21.0,44.0,1.0000,0.2072,0x05,Recording,0x08
2026-07-16 16:16:14,750,736,296,60.0,21.0,44.0,1.0000,0.2071,0x05,Recording,0x08
2026-07-16 16:16:14,751,736,402,60.0,21.0,44.0,1.0000,0.2071,0x05,Recording,0x08
2026-07-16 16:16:14,752,736,505,60.1,21.0,44.0,1.0000,0.2073,0x05,Recording,0x08
2026-07-16 16:16:15,753,736,608,60.1,21.0,44.0,1.0000,0.2073,0x05,Recording,0x08
2026-07-16 16:16:15,754,736,714,60.1,21.0,44.0,1.0000,0.2073,0x05,Recording,0x08
2026-07-16 16:16:15,755,736,820,60.1,21.0,44.0,1.0000,0.2074,0x05,Recording,0x08
2026-07-16 16:16:15,756,736,923,60.1,21.0,44.0,1.0000,0.2076,0x05,Recording,0x08
2026-07-16 16:16:15,757,737,26,60.1,21.0,44.0,1.0000,0.2076,0x05,Recording,0x08
2026-07-16 16:16:15,758,737,132,60.1,21.0,44.0,1.0000,0.2076,0x05,Recording,0x08
2026-07-16 16:16:15,759,737,235,60.1,21.0,44.0,1.0000,0.2078,0x05,Recording,0x08
2026-07-16 16:16:15,760,737,338,60.1,21.0,44.0,1.0000,0.2076,0x05,Recording,0x08
2026-07-16 16:16:15,761,737,444,60.1,21.0,44.0,1.0000,0.2076,0x05,Recording,0x08
2026-07-16 16:16:16,762,737,572,60.1,21.0,44.0,1.0000,0.2078,0x05,Recording,0x08
2026-07-16 16:16:16,763,737,675,60.1,21.0,44.0,1.0000,0.2077,0x05,Recording,0x08
2026-07-16 16:16:16,764,737,778,60.1,21.0,44.0,1.0000,0.2076,0x05,Recording,0x08
2026-07-16 16:16:16,765,737,884,60.1,21.0,44.0,1.0000,0.2074,0x05,Recording,0x08
2026-07-16 16:16:16,766,737,990,60.1,21.0,44.0,1.0000,0.2075,0x05,Recording,0x08
2026-07-16 16:16:16,767,738,96,60.1,21.0,44.0,1.0000,0.2075,0x05,Recording,0x08
2026-07-16 16:16:16,768,738,199,60.1,21.0,44.0,1.0000,0.2073,0x05,Recording,0x08
2026-07-16 16:16:16,769,738,305,60.1,21.0,44.0,1.0000,0.2075,0x05,Recording,0x08
2026-07-16 16:16:16,770,738,408,60.0,21.0,44.0,1.0000,0.2074,0x05,Recording,0x08
2026-07-16 16:16:16,771,738,514,60.0,21.0,44.0,1.0000,0.2074,0x05,Recording,0x08
2026-07-16 16:16:17,772,738,617,60.0,21.0,44.0,1.0000,0.2074,0x05,Recording,0x08
2026-07-16 16:16:17,773,738,720,60.0,21.0,44.0,1.0000,0.2076,0x05,Recording,0x08
2026-07-16 16:16:17,774,738,823,60.0,21.0,44.0,1.0000,0.2074,0x05,Recording,0x08
2026-07-16 16:16:17,775,738,929,60.0,21.0,44.0,1.0000,0.2074,0x05,Recording,0x08
2026-07-16 16:16:17,776,739,32,60.0,21.0,44.0,1.0000,0.2076,0x05,Recording,0x08
2026-07-16 16:16:17,777,739,135,60.0,21.0,44.0,1.0000,0.2075,0x05,Recording,0x08
2026-07-16 16:16:17,778,739,241,60.0,21.0,44.0,1.0000,0.2074,0x05,Recording,0x08
2026-07-16 16:16:17,779,739,344,60.0,21.0,44.0,1.0000,0.2075,0x05,Recording,0x08
2026-07-16 16:16:17,780,739,447,60.0,21.0,44.0,1.0000,0.2076,0x05,Recording,0x08
2026-07-16 16:16:17,781,739,550,60.0,21.0,44.0,1.0000,0.2076,0x05,Recording,0x08
2026-07-16 16:16:18,782,739,678,60.0,21.0,44.0,1.0000,0.2077,0x05,Recording,0x08
2026-07-16 16:16:18,783,739,781,60.0,21.0,44.0,1.0000,0.2076,0x05,Recording,0x08
2026-07-16 16:16:18,784,739,884,60.0,21.0,44.0,1.0000,0.2072,0x05,Recording,0x08
2026-07-16 16:16:18,785,739,990,59.5,21.0,44.0,1.0000,0.2049,0x05,Recording,0x08
2026-07-16 16:16:18,786,740,93,59.4,21.0,44.0,1.0000,0.2040,0x05,Recording,0x08
2026-07-16 16:16:18,787,740,196,59.3,21.0,44.0,1.0000,0.2034,0x05,Recording,0x08
2026-07-16 16:16:18,788,740,299,59.3,21.0,44.0,1.0000,0.2029,0x05,Recording,0x08
2026-07-16 16:16:18,789,740,405,59.2,21.0,44.0,1.0000,0.2021,0x05,Recording,0x08
2026-07-16 16:16:18,790,740,508,59.1,21.0,44.0,1.0000,0.2013,0x05,Recording,0x08
2026-07-16 16:16:19,791,740,614,58.9,21.0,44.0,1.0000,0.2003,0x05,Recording,0x08
2026-07-16 16:16:19,792,740,720,58.8,21.0,44.0,1.0000,0.1992,0x05,Recording,0x08
2026-07-16 16:16:19,793,740,826,58.7,21.0,44.0,1.0000,0.1988,0x05,Recording,0x08
2026-07-16 16:16:19,794,740,929,58.6,21.0,44.0,1.0000,0.1979,0x05,Recording,0x08
2026-07-16 16:16:19,795,741,35,58.5,21.0,44.0,1.0000,0.1973,0x05,Recording,0x08
2026-07-16 16:16:19,796,741,138,58.4,21.0,44.0,1.0000,0.1967,0x05,Recording,0x08
2026-07-16 16:16:19,797,741,241,58.4,21.0,44.0,1.0000,0.1961,0x05,Recording,0x08
2026-07-16 16:16:19,798,741,344,57.8,21.0,44.0,1.0000,0.1940,0x05,Recording,0x08
2026-07-16 16:16:19,799,741,450,57.8,21.0,44.0,1.0000,0.1935,0x05,Recording,0x08
2026-07-16 16:16:20,800,741,553,57.8,21.0,44.0,1.0000,0.1937,0x05,Recording,0x08
2026-07-16 16:16:20,801,741,656,58.0,21.0,44.0,1.0000,0.1943,0x05,Recording,0x08
2026-07-16 16:16:20,802,741,784,58.0,21.0,44.0,1.0000,0.1946,0x05,Recording,0x08
2026-07-16 16:16:20,803,741,887,58.0,21.0,44.0,1.0000,0.1947,0x05,Recording,0x08
2026-07-16 16:16:20,804,741,990,58.0,21.0,44.0,1.0000,0.1948,0x05,Recording,0x08
2026-07-16 16:16:20,805,742,93,58.0,21.0,44.0,1.0000,0.1948,0x05,Recording,0x08
2026-07-16 16:16:20,806,742,199,58.1,21.0,44.0,1.0000,0.1953,0x05,Recording,0x08
2026-07-16 16:16:20,807,742,302,58.2,21.0,44.0,1.0000,0.1960,0x05,Recording,0x08
2026-07-16 16:16:20,808,742,405,58.3,21.0,44.0,1.0000,0.1963,0x05,Recording,0x08
2026-07-16 16:16:20,809,742,511,58.3,21.0,44.0,1.0000,0.1966,0x05,Recording,0x08
2026-07-16 16:16:21,810,742,615,58.4,21.0,44.0,1.0000,0.1971,0x05,Recording,0x08
2026-07-16 16:16:21,811,742,718,58.4,21.0,44.0,1.0000,0.1974,0x05,Recording,0x08
2026-07-16 16:16:21,812,742,821,58.4,21.0,44.0,1.0000,0.1974,0x05,Recording,0x08
2026-07-16 16:16:21,813,742,927,58.5,21.0,44.0,1.0000,0.1977,0x05,Recording,0x08
2026-07-16 16:16:21,814,743,30,58.9,21.0,44.0,1.0000,0.1996,0x05,Recording,0x08
2026-07-16 16:16:21,815,743,133,58.9,21.0,44.0,1.0000,0.1996,0x05,Recording,0x08
2026-07-16 16:16:21,816,743,239,58.9,21.0,44.0,1.0000,0.1993,0x05,Recording,0x08
2026-07-16 16:16:21,817,743,345,59.1,21.0,44.0,1.0000,0.2004,0x05,Recording,0x08
2026-07-16 16:16:21,818,743,451,59.1,21.0,44.0,1.0000,0.2005,0x05,Recording,0x08
2026-07-16 16:16:21,819,743,554,59.1,21.0,44.0,1.0000,0.2004,0x05,Recording,0x08
2026-07-16 16:16:22,820,743,660,59.1,21.0,44.0,1.0000,0.2002,0x05,Recording,0x08
2026-07-16 16:16:22,821,743,763,59.2,21.0,44.0,1.0000,0.2008,0x05,Recording,0x08
2026-07-16 16:16:22,822,743,888,59.1,21.0,44.0,1.0000,0.2005,0x05,Recording,0x08
2026-07-16 16:16:22,823,743,996,59.1,21.0,44.0,1.0000,0.2005,0x05,Recording,0x08
2026-07-16 16:16:22,824,744,102,59.2,21.0,44.0,1.0000,0.2007,0x05,Recording,0x08
2026-07-16 16:16:22,825,744,205,59.2,21.0,44.0,1.0000,0.2006,0x05,Recording,0x08
2026-07-16 16:16:22,826,744,308,59.2,21.0,44.0,1.0000,0.2006,0x05,Recording,0x08
2026-07-16 16:16:22,827,744,414,59.2,21.0,44.0,1.0000,0.2007,0x05,Recording,0x08
2026-07-16 16:16:22,828,744,517,59.2,21.0,44.0,1.0000,0.2011,0x05,Recording,0x08
2026-07-16 16:16:22,829,744,620,59.2,21.0,44.0,1.0000,0.2007,0x05,Recording,0x08
2026-07-16 16:16:23,830,744,726,59.2,21.0,44.0,1.0000,0.2007,0x05,Recording,0x08
2026-07-16 16:16:23,831,744,832,59.3,21.0,44.0,1.0000,0.2011,0x05,Recording,0x08
2026-07-16 16:16:23,832,744,935,59.3,21.0,44.0,1.0000,0.2016,0x05,Recording,0x08
2026-07-16 16:16:23,833,745,38,59.3,21.0,44.0,1.0000,0.2016,0x05,Recording,0x08
2026-07-16 16:16:23,834,745,144,59.4,21.0,44.0,1.0000,0.2020,0x05,Recording,0x08
2026-07-16 16:16:23,835,745,247,59.4,21.0,44.0,1.0000,0.2025,0x05,Recording,0x08
2026-07-16 16:16:23,836,745,350,59.5,21.0,44.0,1.0000,0.2029,0x05,Recording,0x08
2026-07-16 16:16:23,837,745,454,59.5,21.0,44.0,1.0000,0.2027,0x05,Recording,0x08
2026-07-16 16:16:23,838,745,560,59.5,21.0,44.0,1.0000,0.2032,0x05,Recording,0x08
2026-07-16 16:16:24,839,745,663,59.5,21.0,44.0,1.0000,0.2034,0x05,Recording,0x08
2026-07-16 16:16:24,840,745,766,59.4,21.0,44.0,1.0000,0.2032,0x05,Recording,0x08
2026-07-16 16:16:24,841,745,872,59.4,21.0,44.0,1.0000,0.2032,0x05,Recording,0x08
2026-07-16 16:16:24,842,746,0,59.4,21.0,44.0,1.0000,0.2035,0x05,Recording,0x08
2026-07-16 16:16:24,843,746,106,59.5,21.0,44.0,1.0000,0.2037,0x05,Recording,0x08
2026-07-16 16:16:24,844,746,209,59.4,21.0,44.0,1.0000,0.2036,0x05,Recording,0x08
2026-07-16 16:16:24,845,746,315,59.5,21.0,44.0,1.0000,0.2039,0x05,Recording,0x08
2026-07-16 16:16:24,846,746,418,59.4,21.0,44.0,1.0000,0.2035,0x05,Recording,0x08
2026-07-16 16:16:24,847,746,522,59.3,21.0,44.0,1.0000,0.2027,0x05,Recording,0x08
2026-07-16 16:16:24,848,746,628,59.3,21.0,44.0,1.0000,0.2024,0x05,Recording,0x08
2026-07-16 16:16:25,849,746,731,59.3,21.0,44.0,1.0000,0.2027,0x05,Recording,0x08
2026-07-16 16:16:25,850,746,834,59.2,21.0,44.0,1.0000,0.2020,0x05,Recording,0x08
2026-07-16 16:16:25,851,746,940,59.2,21.0,44.0,1.0000,0.2020,0x05,Recording,0x08
2026-07-16 16:16:25,852,747,43,59.2,21.0,44.0,1.0000,0.2017,0x05,Recording,0x08
2026-07-16 16:16:25,853,747,146,59.1,21.0,44.0,1.0000,0.2013,0x05,Recording,0x08
2026-07-16 16:16:25,854,747,250,59.0,21.0,44.0,1.0000,0.2007,0x05,Recording,0x08
2026-07-16 16:16:25,855,747,356,59.0,21.0,44.0,1.0000,0.2002,0x05,Recording,0x08
2026-07-16 16:16:25,856,747,459,59.1,21.0,44.0,1.0000,0.2003,0x05,Recording,0x08
2026-07-16 16:16:25,857,747,562,58.9,21.0,44.0,1.0000,0.1994,0x05,Recording,0x08
2026-07-16 16:16:26,858,747,668,58.9,21.0,44.0,1.0000,0.1990,0x05,Recording,0x08
2026-07-16 16:16:26,859,747,771,58.6,21.0,44.0,1.0000,0.1974,0x05,Recording,0x08
2026-07-16 16:16:26,860,747,874,58.6,21.0,44.0,1.0000,0.1973,0x05,Recording,0x08
2026-07-16 16:16:26,861,747,978,58.6,21.0,44.0,1.0000,0.1973,0x05,Recording,0x08
2026-07-16 16:16:26,862,748,106,58.7,21.0,44.0,1.0000,0.1977,0x05,Recording,0x08
2026-07-16 16:16:26,863,748,209,58.7,21.0,44.0,1.0000,0.1979,0x05,Recording,0x08
2026-07-16 16:16:26,864,748,312,58.6,21.0,44.0,1.0000,0.1975,0x05,Recording,0x08
2026-07-16 16:16:26,865,748,418,58.7,21.0,44.0,1.0000,0.1976,0x05,Recording,0x08
2026-07-16 16:16:26,866,748,521,58.6,21.0,44.0,1.0000,0.1975,0x05,Recording,0x08
2026-07-16 16:16:27,867,748,627,58.6,21.0,44.0,1.0000,0.1969,0x05,Recording,0x08
2026-07-16 16:16:27,868,748,733,58.5,21.0,44.0,1.0000,0.1964,0x05,Recording,0x08
2026-07-16 16:16:27,869,748,839,58.5,21.0,44.0,1.0000,0.1967,0x05,Recording,0x08
2026-07-16 16:16:27,870,748,942,58.5,21.0,44.0,1.0000,0.1964,0x05,Recording,0x08
2026-07-16 16:16:27,871,749,48,58.5,21.0,44.0,1.0000,0.1966,0x05,Recording,0x08
2026-07-16 16:16:27,872,749,154,58.5,21.0,44.0,1.0000,0.1963,0x05,Recording,0x08
2026-07-16 16:16:27,873,749,257,58.6,21.0,44.0,1.0000,0.1969,0x05,Recording,0x08
2026-07-16 16:16:27,874,749,360,58.5,21.0,44.0,1.0000,0.1964,0x05,Recording,0x08
2026-07-16 16:16:27,875,749,466,58.7,21.0,44.0,1.0000,0.1972,0x05,Recording,0x08
2026-07-16 16:16:27,876,749,569,58.5,21.0,44.0,1.0000,0.1960,0x05,Recording,0x08
2026-07-16 16:16:28,877,749,672,58.3,21.0,44.0,1.0000,0.1953,0x05,Recording,0x08
2026-07-16 16:16:28,878,749,778,58.3,21.0,44.0,1.0000,0.1947,0x05,Recording,0x08
2026-07-16 16:16:28,879,749,883,58.2,21.0,44.0,1.0000,0.1946,0x05,Recording,0x08
2026-07-16 16:16:28,880,749,986,58.2,21.0,44.0,1.0000,0.1946,0x05,Recording,0x08
2026-07-16 16:16:28,881,750,89,58.1,21.0,44.0,1.0000,0.1938,0x05,Recording,0x08
2026-07-16 16:16:28,882,750,217,58.1,21.0,44.0,1.0000,0.1939,0x05,Recording,0x08
2026-07-16 16:16:28,883,750,320,58.1,21.0,44.0,1.0000,0.1939,0x05,Recording,0x08
2026-07-16 16:16:28,884,750,423,58.1,21.0,44.0,1.0000,0.1940,0x05,Recording,0x08
2026-07-16 16:16:28,885,750,529,58.0,21.0,44.0,1.0000,0.1933,0x05,Recording,0x08
2026-07-16 16:16:28,886,750,635,58.1,21.0,44.0,1.0000,0.1938,0x05,Recording,0x08
2026-07-16 16:16:29,887,750,738,58.2,21.0,44.0,1.0000,0.1943,0x05,Recording,0x08
2026-07-16 16:16:29,888,750,841,58.3,21.0,44.0,1.0000,0.1949,0x05,Recording,0x08
2026-07-16 16:16:29,889,750,947,58.3,21.0,44.0,1.0000,0.1954,0x05,Recording,0x08
2026-07-16 16:16:29,890,751,50,58.5,21.0,44.0,1.0000,0.1962,0x05,Recording,0x08
2026-07-16 16:16:29,891,751,153,58.6,21.0,44.0,1.0000,0.1968,0x05,Recording,0x08
2026-07-16 16:16:29,892,751,259,58.8,21.0,44.0,1.0000,0.1980,0x05,Recording,0x08
2026-07-16 16:16:29,893,751,365,58.9,21.0,44.0,1.0000,0.1989,0x05,Recording,0x08
2026-07-16 16:16:29,894,751,471,59.0,21.0,44.0,1.0000,0.1996,0x05,Recording,0x08
2026-07-16 16:16:29,895,751,574,59.1,21.0,44.0,1.0000,0.2003,0x05,Recording,0x08
2026-07-16 16:16:29,896,751,680,59.3,21.0,44.0,1.0000,0.2011,0x05,Recording,0x08
2026-07-16 16:16:30,897,751,783,59.4,21.0,44.0,1.0000,0.2020,0x05,Recording,0x08
2026-07-16 16:16:30,898,751,886,59.4,21.0,44.0,1.0000,0.2025,0x05,Recording,0x08
2026-07-16 16:16:30,899,751,992,59.5,21.0,44.0,1.0000,0.2031,0x05,Recording,0x08
2026-07-16 16:16:30,900,752,95,59.7,21.0,44.0,1.0000,0.2040,0x05,Recording,0x08
2026-07-16 16:16:30,901,752,198,59.8,21.0,44.0,1.0000,0.2047,0x05,Recording,0x08
2026-07-16 16:16:30,902,752,326,59.8,21.0,44.0,1.0000,0.2050,0x05,Recording,0x08
2026-07-16 16:16:30,903,752,432,59.8,21.0,44.0,1.0000,0.2048,0x05,Recording,0x08
2026-07-16 16:16:30,904,752,535,59.8,21.0,44.0,1.0000,0.2049,0x05,Recording,0x08
2026-07-16 16:16:30,905,752,638,59.8,21.0,44.0,1.0000,0.2047,0x05,Recording,0x08
2026-07-16 16:16:31,906,752,744,59.8,21.0,44.0,1.0000,0.2047,0x05,Recording,0x08
2026-07-16 16:16:31,907,752,847,59.8,21.0,44.0,1.0000,0.2049,0x05,Recording,0x08
2026-07-16 16:16:31,908,752,950,59.8,21.0,44.0,1.0000,0.2049,0x05,Recording,0x08
2026-07-16 16:16:31,909,753,56,59.8,21.0,44.0,1.0000,0.2049,0x05,Recording,0x08
2026-07-16 16:16:31,910,753,162,59.8,21.0,44.0,1.0000,0.2049,0x05,Recording,0x08
2026-07-16 16:16:31,911,753,265,59.8,21.0,44.0,1.0000,0.2051,0x05,Recording,0x08
2026-07-16 16:16:31,912,753,368,59.8,21.0,44.0,1.0000,0.2049,0x05,Recording,0x08
2026-07-16 16:16:31,913,753,474,59.8,21.0,44.0,1.0000,0.2049,0x05,Recording,0x08
2026-07-16 16:16:32,914,753,577,59.8,21.0,44.0,1.0000,0.2050,0x05,Recording,0x08
2026-07-16 16:16:32,915,753,680,59.8,21.0,44.0,1.0000,0.2048,0x05,Recording,0x08
2026-07-16 16:16:32,916,753,786,59.8,21.0,44.0,1.0000,0.2047,0x05,Recording,0x08
2026-07-16 16:16:32,917,753,892,59.8,21.0,44.0,1.0000,0.2047,0x05,Recording,0x08
2026-07-16 16:16:32,918,753,998,59.8,21.0,44.0,1.0000,0.2048,0x05,Recording,0x08
2026-07-16 16:16:32,919,754,104,59.8,21.0,44.0,1.0000,0.2047,0x05,Recording,0x08
2026-07-16 16:16:32,920,754,207,59.8,21.0,44.0,1.0000,0.2046,0x05,Recording,0x08
2026-07-16 16:16:32,921,754,313,59.8,21.0,44.0,1.0000,0.2049,0x05,Recording,0x08
2026-07-16 16:16:32,922,754,438,59.8,21.0,44.0,1.0000,0.2048,0x05,Recording,0x08
2026-07-16 16:16:32,923,754,544,59.8,21.0,44.0,1.0000,0.2047,0x05,Recording,0x08
2026-07-16 16:16:33,924,754,650,59.8,21.0,44.0,1.0000,0.2049,0x05,Recording,0x08
2026-07-16 16:16:33,925,754,753,59.8,21.0,44.0,1.0000,0.2051,0x05,Recording,0x08
2026-07-16 16:16:33,926,754,856,59.8,21.0,44.0,1.0000,0.2050,0x05,Recording,0x08
2026-07-16 16:16:33,927,754,962,59.8,21.0,44.0,1.0000,0.2051,0x05,Recording,0x08
2026-07-16 16:16:33,928,755,65,59.9,21.0,44.0,1.0000,0.2053,0x05,Recording,0x08
2026-07-16 16:16:33,929,755,168,59.9,21.0,44.0,1.0000,0.2052,0x05,Recording,0x08
2026-07-16 16:16:33,930,755,274,59.8,21.0,44.0,1.0000,0.2051,0x05,Recording,0x08
2026-07-16 16:16:33,931,755,380,59.9,21.0,44.0,1.0000,0.2054,0x05,Recording,0x08
2026-07-16 16:16:33,932,755,483,59.9,21.0,44.0,1.0000,0.2056,0x05,Recording,0x08
2026-07-16 16:16:33,933,755,586,59.9,21.0,44.0,1.0000,0.2057,0x05,Recording,0x08
2026-07-16 16:16:34,934,755,692,59.9,21.0,44.0,1.0000,0.2059,0x05,Recording,0x08
2026-07-16 16:16:34,935,755,795,60.0,21.0,44.0,1.0000,0.2061,0x05,Recording,0x08
2026-07-16 16:16:34,936,755,898,60.0,21.0,44.0,1.0000,0.2062,0x05,Recording,0x08
2026-07-16 16:16:34,937,756,4,60.0,21.0,44.0,1.0000,0.2060,0x05,Recording,0x08
2026-07-16 16:16:34,938,756,110,60.0,21.0,44.0,1.0000,0.2061,0x05,Recording,0x08
2026-07-16 16:16:34,939,756,213,60.0,21.0,44.0,1.0000,0.2061,0x05,Recording,0x08
2026-07-16 16:16:34,940,756,316,59.9,21.0,44.0,1.0000,0.2058,0x05,Recording,0x08
2026-07-16 16:16:34,941,756,422,59.9,21.0,44.0,1.0000,0.2056,0x05,Recording,0x08
2026-07-16 16:16:34,942,756,550,59.9,21.0,44.0,1.0000,0.2055,0x05,Recording,0x08
2026-07-16 16:16:35,943,756,656,59.9,21.0,44.0,1.0000,0.2052,0x05,Recording,0x08
2026-07-16 16:16:35,944,756,762,59.8,21.0,44.0,1.0000,0.2049,0x05,Recording,0x08
2026-07-16 16:16:35,945,756,866,59.8,21.0,44.0,1.0000,0.2047,0x05,Recording,0x08
2026-07-16 16:16:35,946,756,972,59.8,21.0,44.0,1.0000,0.2048,0x05,Recording,0x08
2026-07-16 16:16:35,947,757,75,59.8,21.0,44.0,1.0000,0.2045,0x05,Recording,0x08
2026-07-16 16:16:35,948,757,181,59.8,21.0,44.0,1.0000,0.2044,0x05,Recording,0x08
2026-07-16 16:16:35,949,757,284,59.8,21.0,44.0,1.0000,0.2045,0x05,Recording,0x08
2026-07-16 16:16:35,950,757,387,59.7,21.0,44.0,1.0000,0.2043,0x05,Recording,0x08
2026-07-16 16:16:35,951,757,493,59.7,21.0,44.0,1.0000,0.2042,0x05,Recording,0x08
2026-07-16 16:16:35,952,757,598,59.7,21.0,44.0,1.0000,0.2042,0x05,Recording,0x08
2026-07-16 16:16:36,953,757,701,59.7,21.0,44.0,1.0000,0.2044,0x05,Recording,0x08
2026-07-16 16:16:36,954,757,804,59.7,21.0,44.0,1.0000,0.2040,0x05,Recording,0x08
2026-07-16 16:16:36,955,757,910,59.7,21.0,44.0,1.0000,0.2041,0x05,Recording,0x08
2026-07-16 16:16:36,956,758,13,59.7,21.0,44.0,1.0000,0.2044,0x05,Recording,0x08
2026-07-16 16:16:36,957,758,116,59.7,21.0,44.0,1.0000,0.2043,0x05,Recording,0x08
2026-07-16 16:16:36,958,758,222,59.8,21.0,44.0,1.0000,0.2046,0x05,Recording,0x08
2026-07-16 16:16:36,959,758,327,59.8,21.0,44.0,1.0000,0.2048,0x05,Recording,0x08
2026-07-16 16:16:36,960,758,430,59.8,21.0,44.0,1.0000,0.2050,0x05,Recording,0x08
2026-07-16 16:16:36,961,758,533,59.8,21.0,44.0,1.0000,0.2051,0x05,Recording,0x08
2026-07-16 16:16:36,962,758,661,59.8,21.0,44.0,1.0000,0.2051,0x05,Recording,0x08
2026-07-16 16:16:37,963,758,764,59.8,21.0,44.0,1.0000,0.2052,0x05,Recording,0x08
2026-07-16 16:16:37,964,758,867,59.8,21.0,44.0,1.0000,0.2050,0x05,Recording,0x08
2026-07-16 16:16:37,965,758,973,59.8,21.0,44.0,1.0000,0.2050,0x05,Recording,0x08
2026-07-16 16:16:37,966,759,79,59.8,21.0,44.0,1.0000,0.2052,0x05,Recording,0x08
2026-07-16 16:16:37,967,759,182,59.8,21.0,44.0,1.0000,0.2050,0x05,Recording,0x08
2026-07-16 16:16:37,968,759,288,59.8,21.0,44.0,1.0000,0.2049,0x05,Recording,0x08
2026-07-16 16:16:37,969,759,394,59.8,21.0,44.0,1.0000,0.2047,0x05,Recording,0x08
2026-07-16 16:16:37,970,759,500,59.8,21.0,44.0,1.0000,0.2050,0x05,Recording,0x08
2026-07-16 16:16:37,971,759,603,59.8,21.0,44.0,1.0000,0.2049,0x05,Recording,0x08
2026-07-16 16:16:38,972,759,709,59.8,21.0,44.0,1.0000,0.2049,0x05,Recording,0x08
2026-07-16 16:16:38,973,759,812,59.8,21.0,44.0,1.0000,0.2051,0x05,Recording,0x08
2026-07-16 16:16:38,974,759,915,59.8,21.0,44.0,1.0000,0.2050,0x05,Recording,0x08
2026-07-16 16:16:38,975,760,21,59.8,21.0,44.0,1.0000,0.2050,0x05,Recording,0x08
2026-07-16 16:16:38,976,760,124,59.8,21.0,44.0,1.0000,0.2050,0x05,Recording,0x08
2026-07-16 16:16:38,977,760,227,59.8,21.0,44.0,1.0000,0.2052,0x05,Recording,0x08
2026-07-16 16:16:38,978,760,330,59.8,21.0,44.0,1.0000,0.2051,0x05,Recording,0x08
2026-07-16 16:16:38,979,760,436,59.8,21.0,44.0,1.0000,0.2051,0x05,Recording,0x08
2026-07-16 16:16:39,980,760,539,59.8,21.0,44.0,1.0000,0.2053,0x05,Recording,0x08
2026-07-16 16:16:39,981,760,642,59.8,21.0,44.0,1.0000,0.2052,0x05,Recording,0x08
2026-07-16 16:16:39,982,760,770,59.8,21.0,44.0,1.0000,0.2052,0x05,Recording,0x08
2026-07-16 16:16:39,983,760,874,59.8,21.0,44.0,1.0000,0.2053,0x05,Recording,0x08
2026-07-16 16:16:39,984,760,977,59.9,21.0,44.0,1.0000,0.2055,0x05,Recording,0x08
2026-07-16 16:16:39,985,761,80,59.9,21.0,44.0,1.0000,0.2054,0x05,Recording,0x08
2026-07-16 16:16:39,986,761,186,59.9,21.0,44.0,1.0000,0.2054,0x05,Recording,0x08
2026-07-16 16:16:39,987,761,289,59.9,21.0,44.0,1.0000,0.2056,0x05,Recording,0x08
2026-07-16 16:16:39,988,761,392,59.9,21.0,44.0,1.0000,0.2054,0x05,Recording,0x08
2026-07-16 16:16:39,989,761,498,59.9,21.0,44.0,1.0000,0.2054,0x05,Recording,0x08
2026-07-16 16:16:39,990,761,603,59.9,21.0,44.0,1.0000,0.2056,0x05,Recording,0x08
2026-07-16 16:16:40,991,761,706,59.9,21.0,44.0,1.0000,0.2056,0x05,Recording,0x08
2026-07-16 16:16:40,992,761,809,59.9,21.0,44.0,1.0000,0.2054,0x05,Recording,0x08
2026-07-16 16:16:40,993,761,915,59.8,21.0,44.0,1.0000,0.2052,0x05,Recording,0x08
2026-07-16 16:16:40,994,762,21,59.8,21.0,44.0,1.0000,0.2053,0x05,Recording,0x08
2026-07-16 16:16:40,995,762,127,59.8,21.0,44.0,1.0000,0.2053,0x05,Recording,0x08
2026-07-16 16:16:40,996,762,230,59.8,21.0,44.0,1.0000,0.2049,0x05,Recording,0x08
2026-07-16 16:16:40,997,762,336,59.8,21.0,44.0,1.0000,0.2050,0x05,Recording,0x08
2026-07-16 16:16:40,998,762,439,59.8,21.0,44.0,1.0000,0.2049,0x05,Recording,0x08
2026-07-16 16:16:40,999,762,545,59.8,21.0,44.0,1.0000,0.2049,0x05,Recording,0x08
2026-07-16 16:16:40,1000,762,651,59.8,21.0,44.0,1.0000,0.2050,0x05,Recording,0x08
2026-07-16 16:16:41,1001,762,754,59.8,21.0,44.0,1.0000,0.2052,0x05,Recording,0x08
2026-07-16 16:16:41,1002,762,879,59.8,21.0,44.0,1.0000,0.2050,0x05,Recording,0x08
2026-07-16 16:16:41,1003,762,983,59.8,21.0,44.0,1.0000,0.2048,0x05,Recording,0x08
2026-07-16 16:16:41,1004,763,89,59.8,21.0,44.0,1.0000,0.2049,0x05,Recording,0x08
2026-07-16 16:16:41,1005,763,192,59.8,21.0,44.0,1.0000,0.2049,0x05,Recording,0x08
2026-07-16 16:16:41,1006,763,295,59.7,21.0,44.0,1.0000,0.2044,0x05,Recording,0x08
2026-07-16 16:16:41,1007,763,401,59.7,21.0,44.0,1.0000,0.2044,0x05,Recording,0x08
2026-07-16 16:16:41,1008,763,504,59.7,21.0,44.0,1.0000,0.2046,0x05,Recording,0x08
2026-07-16 16:16:41,1009,763,607,59.7,21.0,44.0,1.0000,0.2046,0x05,Recording,0x08
2026-07-16 16:16:41,1010,763,711,59.7,21.0,44.0,1.0000,0.2046,0x05,Recording,0x08
2026-07-16 16:16:42,1011,763,817,59.7,21.0,44.0,1.0000,0.2046,0x05,Recording,0x08
2026-07-16 16:16:42,1012,763,920,59.8,21.0,44.0,1.0000,0.2050,0x05,Recording,0x08
2026-07-16 16:16:42,1013,764,23,59.7,21.0,44.0,1.0000,0.2044,0x05,Recording,0x08
2026-07-16 16:16:42,1014,764,129,59.7,21.0,44.0,1.0000,0.2045,0x05,Recording,0x08
2026-07-16 16:16:42,1015,764,232,59.7,21.0,44.0,1.0000,0.2044,0x05,Recording,0x08
2026-07-16 16:16:42,1016,764,335,59.7,21.0,44.0,1.0000,0.2042,0x05,Recording,0x08
2026-07-16 16:16:42,1017,764,439,59.7,21.0,44.0,1.0000,0.2040,0x05,Recording,0x08
2026-07-16 16:16:42,1018,764,547,59.7,21.0,44.0,1.0000,0.2040,0x05,Recording,0x08
2026-07-16 16:16:43,1019,764,653,59.6,21.0,44.0,1.0000,0.2035,0x05,Recording,0x08
2026-07-16 16:16:43,1020,764,759,59.5,21.0,44.0,1.0000,0.2028,0x05,Recording,0x08
2026-07-16 16:16:43,1021,764,862,59.4,21.0,44.0,1.0000,0.2024,0x05,Recording,0x08
2026-07-16 16:16:43,1022,764,990,59.4,21.0,44.0,1.0000,0.2025,0x05,Recording,0x08
2026-07-16 16:16:43,1023,765,93,59.3,21.0,44.0,1.0000,0.2020,0x05,Recording,0x08
2026-07-16 16:16:43,1024,765,199,59.3,21.0,44.0,1.0000,0.2018,0x05,Recording,0x08
2026-07-16 16:16:43,1025,765,302,59.3,21.0,44.0,1.0000,0.2017,0x05,Recording,0x08
2026-07-16 16:16:43,1026,765,405,59.3,21.0,44.0,1.0000,0.2015,0x05,Recording,0x08
2026-07-16 16:16:43,1027,765,511,59.2,21.0,44.0,1.0000,0.2012,0x05,Recording,0x08
2026-07-16 16:16:43,1028,765,617,59.2,21.0,44.0,1.0000,0.2010,0x05,Recording,0x08
2026-07-16 16:16:43,1029,765,720,59.3,21.0,44.0,1.0000,0.2015,0x05,Recording,0x08
2026-07-16 16:16:44,1030,765,823,59.2,21.0,44.0,1.0000,0.2012,0x05,Recording,0x08
2026-07-16 16:16:44,1031,765,929,59.2,21.0,44.0,1.0000,0.2011,0x05,Recording,0x08
2026-07-16 16:16:44,1032,766,32,59.2,21.0,44.0,1.0000,0.2012,0x05,Recording,0x08
2026-07-16 16:16:44,1033,766,135,59.2,21.0,44.0,1.0000,0.2011,0x05,Recording,0x08
2026-07-16 16:16:44,1034,766,241,59.2,21.0,44.0,1.0000,0.2010,0x05,Recording,0x08
2026-07-16 16:16:44,1035,766,347,59.3,21.0,44.0,1.0000,0.2016,0x05,Recording,0x08
2026-07-16 16:16:44,1036,766,450,59.4,21.0,44.0,1.0000,0.2021,0x05,Recording,0x08
2026-07-16 16:16:44,1037,766,553,59.4,21.0,44.0,1.0000,0.2023,0x05,Recording,0x08
2026-07-16 16:16:44,1038,766,659,59.5,21.0,44.0,1.0000,0.2027,0x05,Recording,0x08
2026-07-16 16:16:45,1039,766,762,59.5,21.0,44.0,1.0000,0.2032,0x05,Recording,0x08
2026-07-16 16:16:45,1040,766,865,59.5,21.0,44.0,1.0000,0.2033,0x05,Recording,0x08
2026-07-16 16:16:45,1041,766,971,59.6,21.0,44.0,1.0000,0.2033,0x05,Recording,0x08
2026-07-16 16:16:45,1042,767,99,59.6,21.0,44.0,1.0000,0.2036,0x05,Recording,0x08
2026-07-16 16:16:45,1043,767,202,59.6,21.0,44.0,1.0000,0.2038,0x05,Recording,0x08
2026-07-16 16:16:45,1044,767,308,59.6,21.0,44.0,1.0000,0.2038,0x05,Recording,0x08
2026-07-16 16:16:45,1045,767,414,59.6,21.0,44.0,1.0000,0.2038,0x05,Recording,0x08
2026-07-16 16:16:45,1046,767,520,59.7,21.0,44.0,1.0000,0.2041,0x05,Recording,0x08
2026-07-16 16:16:46,1047,767,623,59.7,21.0,44.0,1.0000,0.2041,0x05,Recording,0x08
2026-07-16 16:16:46,1048,767,729,59.7,21.0,44.0,1.0000,0.2043,0x05,Recording,0x08
2026-07-16 16:16:46,1049,767,832,59.7,21.0,44.0,1.0000,0.2046,0x05,Recording,0x08
2026-07-16 16:16:46,1050,767,935,59.7,21.0,44.0,1.0000,0.2046,0x05,Recording,0x08
2026-07-16 16:16:46,1051,768,38,59.7,21.0,44.0,1.0000,0.2046,0x05,Recording,0x08
2026-07-16 16:16:46,1052,768,144,59.8,21.0,44.0,1.0000,0.2048,0x05,Recording,0x08
2026-07-16 16:16:46,1053,768,247,59.8,21.0,44.0,1.0000,0.2050,0x05,Recording,0x08
2026-07-16 16:16:46,1054,768,350,59.8,21.0,44.0,1.0000,0.2049,0x05,Recording,0x08
2026-07-16 16:16:46,1055,768,456,59.8,21.0,44.0,1.0000,0.2049,0x05,Recording,0x08
2026-07-16 16:16:46,1056,768,559,59.8,21.0,44.0,1.0000,0.2050,0x05,Recording,0x08
2026-07-16 16:16:46,1057,768,662,59.8,21.0,44.0,1.0000,0.2049,0x05,Recording,0x08
2026-07-16 16:16:47,1058,768,766,59.7,21.0,44.0,1.0000,0.2047,0x05,Recording,0x08
2026-07-16 16:16:47,1059,768,872,59.7,21.0,44.0,1.0000,0.2047,0x05,Recording,0x08
2026-07-16 16:16:47,1060,768,975,59.8,21.0,44.0,1.0000,0.2048,0x05,Recording,0x08
2026-07-16 16:16:47,1061,769,78,59.7,21.0,44.0,1.0000,0.2045,0x05,Recording,0x08
2026-07-16 16:16:47,1062,769,206,59.7,21.0,44.0,1.0000,0.2045,0x05,Recording,0x08
2026-07-16 16:16:47,1063,769,309,59.7,21.0,44.0,1.0000,0.2046,0x05,Recording,0x08
2026-07-16 16:16:47,1064,769,412,59.7,21.0,44.0,1.0000,0.2046,0x05,Recording,0x08
2026-07-16 16:16:47,1065,769,516,59.7,21.0,44.0,1.0000,0.2046,0x05,Recording,0x08
2026-07-16 16:16:47,1066,769,622,59.8,21.0,44.0,1.0000,0.2051,0x05,Recording,0x08
2026-07-16 16:16:48,1067,769,725,59.8,21.0,44.0,1.0000,0.2054,0x05,Recording,0x08
2026-07-16 16:16:48,1068,769,828,59.8,21.0,44.0,1.0000,0.2052,0x05,Recording,0x08
2026-07-16 16:16:48,1069,769,934,59.8,21.0,44.0,1.0000,0.2052,0x05,Recording,0x08
2026-07-16 16:16:48,1070,770,40,59.8,21.0,44.0,1.0000,0.2053,0x05,Recording,0x08
2026-07-16 16:16:48,1071,770,146,59.8,21.0,44.0,1.0000,0.2055,0x05,Recording,0x08
2026-07-16 16:16:48,1072,770,249,59.9,21.0,44.0,1.0000,0.2056,0x05,Recording,0x08
2026-07-16 16:16:48,1073,770,355,59.9,21.0,44.0,1.0000,0.2060,0x05,Recording,0x08
2026-07-16 16:16:48,1074,770,458,60.0,21.0,44.0,1.0000,0.2062,0x05,Recording,0x08
2026-07-16 16:16:49,1075,770,564,60.0,21.0,44.0,1.0000,0.2066,0x05,Recording,0x08
2026-07-16 16:16:49,1076,770,669,60.0,21.0,44.0,1.0000,0.2068,0x05,Recording,0x08
2026-07-16 16:16:49,1077,770,772,60.1,21.0,44.0,1.0000,0.2074,0x05,Recording,0x08
2026-07-16 16:16:49,1078,770,875,60.1,21.0,44.0,1.0000,0.2074,0x05,Recording,0x08
2026-07-16 16:16:49,1079,770,981,60.1,21.0,44.0,1.0000,0.2076,0x05,Recording,0x08
2026-07-16 16:16:49,1080,771,84,60.2,21.0,44.0,1.0000,0.2077,0x05,Recording,0x08
2026-07-16 16:16:49,1081,771,187,60.2,21.0,44.0,1.0000,0.2078,0x05,Recording,0x08
2026-07-16 16:16:49,1082,771,315,60.2,21.0,44.0,1.0000,0.2078,0x05,Recording,0x08
2026-07-16 16:16:49,1083,771,421,60.2,21.0,44.0,1.0000,0.2077,0x05,Recording,0x08
2026-07-16 16:16:49,1084,771,524,60.2,21.0,44.0,1.0000,0.2080,0x05,Recording,0x08
2026-07-16 16:16:49,1085,771,627,60.2,21.0,44.0,1.0000,0.2080,0x05,Recording,0x08
2026-07-16 16:16:50,1086,771,733,60.2,21.0,44.0,1.0000,0.2082,0x05,Recording,0x08
2026-07-16 16:16:50,1087,771,836,60.2,21.0,44.0,1.0000,0.2082,0x05,Recording,0x08
2026-07-16 16:16:50,1088,771,939,60.2,21.0,44.0,1.0000,0.2083,0x05,Recording,0x08
2026-07-16 16:16:50,1089,772,45,60.2,21.0,44.0,1.0000,0.2083,0x05,Recording,0x08
2026-07-16 16:16:50,1090,772,151,60.2,21.0,44.0,1.0000,0.2085,0x05,Recording,0x08
2026-07-16 16:16:50,1091,772,254,60.2,21.0,44.0,1.0000,0.2085,0x05,Recording,0x08
2026-07-16 16:16:50,1092,772,357,60.2,21.0,44.0,1.0000,0.2083,0x05,Recording,0x08
2026-07-16 16:16:50,1093,772,463,60.2,21.0,44.0,1.0000,0.2084,0x05,Recording,0x08
2026-07-16 16:16:50,1094,772,566,60.2,21.0,44.0,1.0000,0.2085,0x05,Recording,0x08
2026-07-16 16:16:50,1095,772,672,60.2,21.0,44.0,1.0000,0.2085,0x05,Recording,0x08
2026-07-16 16:16:51,1096,772,778,60.2,21.0,44.0,1.0000,0.2085,0x05,Recording,0x08
2026-07-16 16:16:51,1097,772,884,60.3,21.0,44.0,1.0000,0.2087,0x05,Recording,0x08
2026-07-16 16:16:51,1098,772,987,60.2,21.0,44.0,1.0000,0.2085,0x05,Recording,0x08
2026-07-16 16:16:51,1099,773,90,60.3,21.0,44.0,1.0000,0.2085,0x05,Recording,0x08
2026-07-16 16:16:51,1100,773,196,60.3,21.0,44.0,1.0000,0.2087,0x05,Recording,0x08
2026-07-16 16:16:51,1101,773,299,60.3,21.0,44.0,1.0000,0.2088,0x05,Recording,0x08
2026-07-16 16:16:51,1102,773,424,60.3,21.0,44.0,1.0000,0.2088,0x05,Recording,0x08
2026-07-16 16:16:51,1103,773,527,60.3,21.0,44.0,1.0000,0.2087,0x05,Recording,0x08
2026-07-16 16:16:51,1104,773,633,60.3,21.0,44.0,1.0000,0.2088,0x05,Recording,0x08
2026-07-16 16:16:51,1105,773,736,60.3,21.0,44.0,1.0000,0.2089,0x05,Recording,0x08
2026-07-16 16:16:52,1106,773,839,60.3,21.0,44.0,1.0000,0.2088,0x05,Recording,0x08
2026-07-16 16:16:52,1107,773,945,60.3,21.0,44.0,1.0000,0.2088,0x05,Recording,0x08
2026-07-16 16:16:52,1108,774,48,60.3,21.0,44.0,1.0000,0.2091,0x05,Recording,0x08
2026-07-16 16:16:52,1109,774,151,60.3,21.0,44.0,1.0000,0.2090,0x05,Recording,0x08
2026-07-16 16:16:52,1110,774,254,60.3,21.0,44.0,1.0000,0.2090,0x05,Recording,0x08
2026-07-16 16:16:52,1111,774,360,60.3,21.0,44.0,1.0000,0.2091,0x05,Recording,0x08
2026-07-16 16:16:52,1112,774,463,60.3,21.0,44.0,1.0000,0.2092,0x05,Recording,0x08
2026-07-16 16:16:52,1113,774,566,60.3,21.0,44.0,1.0000,0.2091,0x05,Recording,0x08
2026-07-16 16:16:53,1114,774,672,60.4,21.0,44.0,1.0000,0.2094,0x05,Recording,0x08
2026-07-16 16:16:53,1115,774,775,60.4,21.0,44.0,1.0000,0.2095,0x05,Recording,0x08
2026-07-16 16:16:53,1116,774,878,60.4,21.0,44.0,1.0000,0.2095,0x05,Recording,0x08
2026-07-16 16:16:53,1117,774,981,60.3,21.0,44.0,1.0000,0.2094,0x05,Recording,0x08
2026-07-16 16:16:53,1118,775,87,60.4,21.0,44.0,1.0000,0.2095,0x05,Recording,0x08
2026-07-16 16:16:53,1119,775,190,60.4,21.0,44.0,1.0000,0.2095,0x05,Recording,0x08
2026-07-16 16:16:53,1120,775,296,60.3,21.0,44.0,1.0000,0.2094,0x05,Recording,0x08
2026-07-16 16:16:53,1121,775,402,60.3,21.0,44.0,1.0000,0.2093,0x05,Recording,0x08
2026-07-16 16:16:53,1122,775,530,60.3,21.0,44.0,1.0000,0.2094,0x05,Recording,0x08
2026-07-16 16:16:53,1123,775,633,60.3,21.0,44.0,1.0000,0.2092,0x05,Recording,0x08
2026-07-16 16:16:53,1124,775,739,60.3,21.0,44.0,1.0000,0.2092,0x05,Recording,0x08
2026-07-16 16:16:54,1125,775,842,60.3,21.0,44.0,1.0000,0.2092,0x05,Recording,0x08
2026-07-16 16:16:54,1126,775,945,60.3,21.0,44.0,1.0000,0.2093,0x05,Recording,0x08
2026-07-16 16:16:54,1127,776,48,60.3,21.0,44.0,1.0000,0.2092,0x05,Recording,0x08
2026-07-16 16:16:54,1128,776,154,60.3,21.0,44.0,1.0000,0.2092,0x05,Recording,0x08
2026-07-16 16:16:54,1129,776,257,60.3,21.0,44.0,1.0000,0.2093,0x05,Recording,0x08
2026-07-16 16:16:54,1130,776,360,60.3,21.0,44.0,1.0000,0.2092,0x05,Recording,0x08
2026-07-16 16:16:54,1131,776,466,60.3,21.0,44.0,1.0000,0.2092,0x05,Recording,0x08
2026-07-16 16:16:54,1132,776,569,60.3,21.0,44.0,1.0000,0.2093,0x05,Recording,0x08
2026-07-16 16:16:54,1133,776,672,60.3,21.0,44.0,1.0000,0.2093,0x05,Recording,0x08
2026-07-16 16:16:54,1134,776,775,60.3,21.0,44.0,1.0000,0.2092,0x05,Recording,0x08
2026-07-16 16:16:55,1135,776,881,60.3,21.0,44.0,1.0000,0.2093,0x05,Recording,0x08
2026-07-16 16:16:55,1136,776,984,60.3,21.0,44.0,1.0000,0.2094,0x05,Recording,0x08
2026-07-16 16:16:55,1137,777,87,60.3,21.0,44.0,1.0000,0.2095,0x05,Recording,0x08
2026-07-16 16:16:55,1138,777,193,60.3,21.0,44.0,1.0000,0.2095,0x05,Recording,0x08
2026-07-16 16:16:55,1139,777,296,60.4,21.0,44.0,1.0000,0.2096,0x05,Recording,0x08
2026-07-16 16:16:55,1140,777,399,60.3,21.0,44.0,1.0000,0.2096,0x05,Recording,0x08
2026-07-16 16:16:55,1141,777,502,60.3,21.0,44.0,1.0000,0.2096,0x05,Recording,0x08
2026-07-16 16:16:55,1142,777,630,60.3,21.0,44.0,1.0000,0.2096,0x05,Recording,0x08
2026-07-16 16:16:55,1143,777,733,60.4,21.0,44.0,1.0000,0.2096,0x05,Recording,0x08
2026-07-16 16:16:56,1144,777,836,60.3,21.0,44.0,1.0000,0.2095,0x05,Recording,0x08
2026-07-16 16:16:56,1145,777,942,60.3,21.0,44.0,1.0000,0.2094,0x05,Recording,0x08
2026-07-16 16:16:56,1146,778,48,60.3,21.0,44.0,1.0000,0.2094,0x05,Recording,0x08
2026-07-16 16:16:56,1147,778,154,60.3,21.0,44.0,1.0000,0.2093,0x05,Recording,0x08
2026-07-16 16:16:56,1148,778,257,60.3,21.0,44.0,1.0000,0.2092,0x05,Recording,0x08
2026-07-16 16:16:56,1149,778,363,60.3,21.0,44.0,1.0000,0.2092,0x05,Recording,0x08
2026-07-16 16:16:56,1150,778,466,60.3,21.0,44.0,1.0000,0.2094,0x05,Recording,0x08
2026-07-16 16:16:56,1151,778,569,60.3,21.0,44.0,1.0000,0.2092,0x05,Recording,0x08
2026-07-16 16:16:56,1152,778,675,60.3,21.0,44.0,1.0000,0.2092,0x05,Recording,0x08
2026-07-16 16:16:57,1153,778,778,60.3,21.0,44.0,1.0000,0.2093,0x05,Recording,0x08
2026-07-16 16:16:57,1154,778,881,60.3,21.0,44.0,1.0000,0.2092,0x05,Recording,0x08
2026-07-16 16:16:57,1155,778,987,60.3,21.0,44.0,1.0000,0.2092,0x05,Recording,0x08
2026-07-16 16:16:57,1156,779,90,60.3,21.0,44.0,1.0000,0.2093,0x05,Recording,0x08
2026-07-16 16:16:57,1157,779,193,60.3,21.0,44.0,1.0000,0.2094,0x05,Recording,0x08
2026-07-16 16:16:57,1158,779,296,60.3,21.0,44.0,1.0000,0.2093,0x05,Recording,0x08
2026-07-16 16:16:57,1159,779,402,60.3,21.0,44.0,1.0000,0.2094,0x05,Recording,0x08
2026-07-16 16:16:57,1160,779,505,60.4,21.0,44.0,1.0000,0.2095,0x05,Recording,0x08
2026-07-16 16:16:57,1161,779,608,60.4,21.0,44.0,1.0000,0.2096,0x05,Recording,0x08
2026-07-16 16:16:57,1162,779,736,60.4,21.0,44.0,1.0000,0.2097,0x05,Recording,0x08
2026-07-16 16:16:58,1163,779,839,60.4,21.0,44.0,1.0000,0.2097,0x05,Recording,0x08
2026-07-16 16:16:58,1164,779,942,60.4,21.0,44.0,1.0000,0.2098,0x05,Recording,0x08
2026-07-16 16:16:58,1165,780,45,60.4,21.0,44.0,1.0000,0.2097,0x05,Recording,0x08
2026-07-16 16:16:58,1166,780,151,60.4,21.0,44.0,1.0000,0.2097,0x05,Recording,0x08
2026-07-16 16:16:58,1167,780,254,60.4,21.0,44.0,1.0000,0.2098,0x05,Recording,0x08
2026-07-16 16:16:58,1168,780,357,60.4,21.0,44.0,1.0000,0.2097,0x05,Recording,0x08
2026-07-16 16:16:58,1169,780,463,60.4,21.0,44.0,1.0000,0.2097,0x05,Recording,0x08
2026-07-16 16:16:58,1170,780,566,60.4,21.0,44.0,1.0000,0.2098,0x05,Recording,0x08
2026-07-16 16:16:58,1171,780,672,60.4,21.0,44.0,1.0000,0.2096,0x05,Recording,0x08
2026-07-16 16:16:59,1172,780,778,60.4,21.0,44.0,1.0000,0.2095,0x05,Recording,0x08
2026-07-16 16:16:59,1173,780,884,60.4,21.0,44.0,1.0000,0.2095,0x05,Recording,0x08
2026-07-16 16:16:59,1174,780,987,60.4,21.0,44.0,1.0000,0.2096,0x05,Recording,0x08
2026-07-16 16:16:59,1175,781,90,60.3,21.0,44.0,1.0000,0.2095,0x05,Recording,0x08
2026-07-16 16:16:59,1176,781,196,60.3,21.0,44.0,1.0000,0.2095,0x05,Recording,0x08
2026-07-16 16:16:59,1177,781,299,60.4,21.0,44.0,1.0000,0.2096,0x05,Recording,0x08
2026-07-16 16:16:59,1178,781,402,60.4,21.0,44.0,1.0000,0.2095,0x05,Recording,0x08
2026-07-16 16:16:59,1179,781,508,60.4,21.0,44.0,1.0000,0.2095,0x05,Recording,0x08
2026-07-16 16:16:59,1180,781,611,60.4,21.0,44.0,1.0000,0.2096,0x05,Recording,0x08
2026-07-16 16:17:00,1181,781,714,60.4,21.0,44.0,1.0000,0.2096,0x05,Recording,0x08
2026-07-16 16:17:00,1182,781,839,60.4,21.0,44.0,1.0000,0.2096,0x05,Recording,0x08
2026-07-16 16:17:00,1183,781,945,60.4,21.0,44.0,1.0000,0.2095,0x05,Recording,0x08
2026-07-16 16:17:00,1184,782,48,60.4,21.0,44.0,1.0000,0.2096,0x05,Recording,0x08
2026-07-16 16:17:00,1185,782,151,60.3,21.0,44.0,1.0000,0.2096,0x05,Recording,0x08
2026-07-16 16:17:00,1186,782,254,60.4,21.0,44.0,1.0000,0.2096,0x05,Recording,0x08
2026-07-16 16:17:00,1187,782,360,60.4,21.0,44.0,1.0000,0.2097,0x05,Recording,0x08
2026-07-16 16:17:00,1188,782,463,60.4,21.0,44.0,1.0000,0.2098,0x05,Recording,0x08
2026-07-16 16:17:01,1189,782,566,60.4,21.0,44.0,1.0000,0.2097,0x05,Recording,0x08
2026-07-16 16:17:01,1190,782,672,60.4,21.0,44.0,1.0000,0.2098,0x05,Recording,0x08
2026-07-16 16:17:01,1191,782,775,60.4,21.0,44.0,1.0000,0.2099,0x05,Recording,0x08
2026-07-16 16:17:01,1192,782,878,60.4,21.0,44.0,1.0000,0.2098,0x05,Recording,0x08
2026-07-16 16:17:01,1193,782,981,60.4,21.0,44.0,1.0000,0.2098,0x05,Recording,0x08
2026-07-16 16:17:01,1194,783,87,60.4,21.0,44.0,1.0000,0.2100,0x05,Recording,0x08
2026-07-16 16:17:01,1195,783,190,60.4,21.0,44.0,1.0000,0.2100,0x05,Recording,0x08
2026-07-16 16:17:01,1196,783,296,60.4,21.0,44.0,1.0000,0.2099,0x05,Recording,0x08
2026-07-16 16:17:01,1197,783,402,60.4,21.0,44.0,1.0000,0.2100,0x05,Recording,0x08
2026-07-16 16:17:01,1198,783,508,60.4,21.0,44.0,1.0000,0.2101,0x05,Recording,0x08
2026-07-16 16:17:01,1199,783,611,60.4,21.0,44.0,1.0000,0.2102,0x05,Recording,0x08
2026-07-16 16:17:01,1200,783,717,60.4,21.0,44.0,1.0000,0.2103,0x05,Recording,0x08
2026-07-16 16:17:02,1201,783,820,60.5,21.0,44.0,1.0000,0.2104,0x05,Recording,0x08
2026-07-16 16:17:02,1202,783,945,60.5,21.0,44.0,1.0000,0.2105,0x05,Recording,0x08
2026-07-16 16:17:02,1203,784,48,60.5,21.0,44.0,1.0000,0.2105,0x05,Recording,0x08
2026-07-16 16:17:02,1204,784,154,60.5,21.0,44.0,1.0000,0.2106,0x05,Recording,0x08
2026-07-16 16:17:02,1205,784,257,60.5,21.0,44.0,1.0000,0.2107,0x05,Recording,0x08
2026-07-16 16:17:02,1206,784,360,60.5,21.0,44.0,1.0000,0.2108,0x05,Recording,0x08
2026-07-16 16:17:02,1207,784,463,60.5,21.0,44.0,1.0000,0.2108,0x05,Recording,0x08
2026-07-16 16:17:02,1208,784,569,60.5,21.0,44.0,1.0000,0.2109,0x05,Recording,0x08
2026-07-16 16:17:02,1209,784,672,60.5,21.0,44.0,1.0000,0.2110,0x05,Recording,0x08
2026-07-16 16:17:02,1210,784,775,60.5,21.0,44.0,1.0000,0.2109,0x05,Recording,0x08
2026-07-16 16:17:03,1211,784,881,60.5,21.0,44.0,1.0000,0.2110,0x05,Recording,0x08
2026-07-16 16:17:03,1212,784,984,60.5,21.0,44.0,1.0000,0.2111,0x05,Recording,0x08
2026-07-16 16:17:03,1213,785,87,60.5,21.0,44.0,1.0000,0.2111,0x05,Recording,0x08
2026-07-16 16:17:03,1214,785,190,60.5,21.0,44.0,1.0000,0.2110,0x05,Recording,0x08
2026-07-16 16:17:03,1215,785,296,60.5,21.0,44.0,1.0000,0.2111,0x05,Recording,0x08
2026-07-16 16:17:03,1216,785,399,60.5,21.0,44.0,1.0000,0.2111,0x05,Recording,0x08
2026-07-16 16:17:03,1217,785,502,60.5,21.0,44.0,1.0000,0.2110,0x05,Recording,0x08
2026-07-16 16:17:04,1218,785,608,60.5,21.0,44.0,1.0000,0.2111,0x05,Recording,0x08
2026-07-16 16:17:04,1219,785,711,60.5,21.0,44.0,1.0000,0.2112,0x05,Recording,0x08
2026-07-16 16:17:04,1220,785,814,60.5,21.0,44.0,1.0000,0.2110,0x05,Recording,0x08
2026-07-16 16:17:04,1221,785,920,60.5,21.0,44.0,1.0000,0.2109,0x05,Recording,0x08
2026-07-16 16:17:04,1222,786,48,60.5,21.0,44.0,1.0000,0.2108,0x05,Recording,0x08
2026-07-16 16:17:04,1223,786,154,60.5,21.0,44.0,1.0000,0.2109,0x05,Recording,0x08
2026-07-16 16:17:04,1224,786,257,60.5,21.0,44.0,1.0000,0.2108,0x05,Recording,0x08
2026-07-16 16:17:04,1225,786,363,60.5,21.0,44.0,1.0000,0.2108,0x05,Recording,0x08
2026-07-16 16:17:04,1226,786,466,60.5,21.0,44.0,1.0000,0.2108,0x05,Recording,0x08
2026-07-16 16:17:04,1227,786,569,60.5,21.0,44.0,1.0000,0.2108,0x05,Recording,0x08
2026-07-16 16:17:04,1228,786,675,60.5,21.0,44.0,1.0000,0.2108,0x05,Recording,0x08
2026-07-16 16:17:05,1229,786,778,60.5,21.0,44.0,1.0000,0.2108,0x05,Recording,0x08
2026-07-16 16:17:05,1230,786,881,60.5,21.0,44.0,1.0000,0.2108,0x05,Recording,0x08
2026-07-16 16:17:05,1231,786,987,60.5,21.0,44.0,1.0000,0.2108,0x05,Recording,0x08
2026-07-16 16:17:05,1232,787,92,60.5,21.0,44.0,1.0000,0.2108,0x05,Recording,0x08
2026-07-16 16:17:05,1233,787,195,60.5,21.0,44.0,1.0000,0.2109,0x05,Recording,0x08
2026-07-16 16:17:05,1234,787,298,60.5,21.0,44.0,1.0000,0.2108,0x05,Recording,0x08
2026-07-16 16:17:05,1235,787,404,60.5,21.0,44.0,1.0000,0.2107,0x05,Recording,0x08
2026-07-16 16:17:05,1236,787,507,60.5,21.0,44.0,1.0000,0.2109,0x05,Recording,0x08
2026-07-16 16:17:05,1237,787,610,60.5,21.0,44.0,1.0000,0.2109,0x05,Recording,0x08
2026-07-16 16:17:05,1238,787,716,60.5,21.0,44.0,1.0000,0.2110,0x05,Recording,0x08
2026-07-16 16:17:05,1239,787,822,60.5,21.0,44.0,1.0000,0.2109,0x05,Recording,0x08
2026-07-16 16:17:06,1240,787,925,60.5,21.0,44.0,1.0000,0.2110,0x05,Recording,0x08
2026-07-16 16:17:06,1241,788,28,60.5,21.0,44.0,1.0000,0.2109,0x05,Recording,0x08
2026-07-16 16:17:06,1242,788,156,60.5,21.0,44.0,1.0000,0.2108,0x05,Recording,0x08
2026-07-16 16:17:06,1243,788,259,60.5,21.0,44.0,1.0000,0.2109,0x05,Recording,0x08
2026-07-16 16:17:06,1244,788,362,60.5,21.0,44.0,1.0000,0.2107,0x05,Recording,0x08
2026-07-16 16:17:06,1245,788,468,60.5,21.0,44.0,1.0000,0.2106,0x05,Recording,0x08
2026-07-16 16:17:06,1246,788,574,60.5,21.0,44.0,1.0000,0.2106,0x05,Recording,0x08
2026-07-16 16:17:06,1247,788,680,60.4,21.0,44.0,1.0000,0.2104,0x05,Recording,0x08
2026-07-16 16:17:06,1248,788,786,60.4,21.0,44.0,1.0000,0.2104,0x05,Recording,0x08
2026-07-16 16:17:07,1249,788,889,60.4,21.0,44.0,1.0000,0.2102,0x05,Recording,0x08
2026-07-16 16:17:07,1250,788,995,60.4,21.0,44.0,1.0000,0.2103,0x05,Recording,0x08
2026-07-16 16:17:07,1251,789,98,60.4,21.0,44.0,1.0000,0.2102,0x05,Recording,0x08
2026-07-16 16:17:07,1252,789,204,60.4,21.0,44.0,1.0000,0.2101,0x05,Recording,0x08
2026-07-16 16:17:07,1253,789,307,60.4,21.0,44.0,1.0000,0.2102,0x05,Recording,0x08
2026-07-16 16:17:07,1254,789,410,60.4,21.0,44.0,1.0000,0.2100,0x05,Recording,0x08
2026-07-16 16:17:07,1255,789,513,60.4,21.0,44.0,1.0000,0.2099,0x05,Recording,0x08
2026-07-16 16:17:08,1256,789,619,60.4,21.0,44.0,1.0000,0.2099,0x05,Recording,0x08
2026-07-16 16:17:08,1257,789,722,60.4,21.0,44.0,1.0000,0.2100,0x05,Recording,0x08
2026-07-16 16:17:08,1258,789,825,60.4,21.0,44.0,1.0000,0.2099,0x05,Recording,0x08
2026-07-16 16:17:08,1259,789,931,60.4,21.0,44.0,1.0000,0.2099,0x05,Recording,0x08
2026-07-16 16:17:08,1260,790,34,60.4,21.0,44.0,1.0000,0.2101,0x05,Recording,0x08
2026-07-16 16:17:08,1261,790,137,60.4,21.0,43.9,1.0000,0.2099,0x05,Recording,0x08
2026-07-16 16:17:08,1262,790,262,60.4,21.0,43.8,1.0000,0.2099,0x05,Recording,0x08
2026-07-16 16:17:08,1263,790,368,60.4,21.0,43.8,1.0000,0.2100,0x05,Recording,0x08
2026-07-16 16:17:08,1264,790,471,60.4,21.0,43.7,1.0000,0.2100,0x05,Recording,0x08
2026-07-16 16:17:08,1265,790,574,60.4,21.0,43.6,1.0000,0.2100,0x05,Recording,0x08
2026-07-16 16:17:08,1266,790,680,60.4,21.0,43.6,1.0000,0.2100,0x05,Recording,0x08
2026-07-16 16:17:08,1267,790,783,60.4,21.0,43.5,1.0000,0.2101,0x05,Recording,0x08
2026-07-16 16:17:09,1268,790,886,60.4,21.0,43.5,1.0000,0.2098,0x05,Recording,0x08
2026-07-16 16:17:09,1269,790,989,60.4,21.0,43.4,1.0000,0.2097,0x05,Recording,0x08
2026-07-16 16:17:09,1270,791,95,60.4,21.0,43.3,1.0000,0.2100,0x05,Recording,0x08
2026-07-16 16:17:09,1271,791,198,60.4,21.0,43.3,1.0000,0.2100,0x05,Recording,0x08
2026-07-16 16:17:09,1272,791,304,60.4,21.0,43.2,1.0000,0.2099,0x05,Recording,0x08
2026-07-16 16:17:09,1273,791,410,60.4,21.0,43.1,1.0000,0.2098,0x05,Recording,0x08
2026-07-16 16:17:09,1274,791,516,60.4,21.0,43.1,1.0000,0.2099,0x05,Recording,0x08
2026-07-16 16:17:09,1275,791,619,60.4,21.0,43.0,1.0000,0.2098,0x05,Recording,0x08
2026-07-16 16:17:09,1276,791,725,60.4,21.0,43.0,1.0000,0.2098,0x05,Recording,0x08
2026-07-16 16:17:09,1277,791,828,60.4,21.0,43.0,1.0000,0.2101,0x05,Recording,0x08
2026-07-16 16:17:10,1278,791,931,60.4,21.0,43.0,1.0000,0.2101,0x05,Recording,0x08
2026-07-16 16:17:10,1279,792,37,60.4,21.0,43.0,1.0000,0.2100,0x05,Recording,0x08
2026-07-16 16:17:10,1280,792,143,60.4,21.0,43.0,1.0000,0.2101,0x05,Recording,0x08
2026-07-16 16:17:10,1281,792,246,60.4,21.0,43.0,1.0000,0.2102,0x05,Recording,0x08
2026-07-16 16:17:10,1282,792,371,60.4,21.0,43.0,1.0000,0.2099,0x05,Recording,0x08
2026-07-16 16:17:10,1283,792,474,60.4,21.0,43.0,1.0000,0.2098,0x05,Recording,0x08
2026-07-16 16:17:10,1284,792,580,60.4,21.0,43.0,1.0000,0.2101,0x05,Recording,0x08
2026-07-16 16:17:11,1285,792,683,60.4,21.0,43.0,1.0000,0.2101,0x05,Recording,0x08
2026-07-16 16:17:11,1286,792,786,60.4,21.0,43.0,1.0000,0.2101,0x05,Recording,0x08
2026-07-16 16:17:11,1287,792,892,60.4,21.0,43.0,1.0000,0.2102,0x05,Recording,0x08
2026-07-16 16:17:11,1288,792,995,60.4,21.0,43.0,1.0000,0.2103,0x05,Recording,0x08
2026-07-16 16:17:11,1289,793,98,60.4,21.0,43.0,1.0000,0.2101,0x05,Recording,0x08
2026-07-16 16:17:11,1290,793,201,60.4,21.0,43.0,1.0000,0.2100,0x05,Recording,0x08
2026-07-16 16:17:11,1291,793,307,60.4,21.0,43.0,1.0000,0.2101,0x05,Recording,0x08
2026-07-16 16:17:11,1292,793,410,60.4,21.0,43.0,1.0000,0.2101,0x05,Recording,0x08
2026-07-16 16:17:11,1293,793,513,60.4,21.0,43.0,1.0000,0.2100,0x05,Recording,0x08
2026-07-16 16:17:11,1294,793,619,60.4,21.0,43.0,1.0000,0.2101,0x05,Recording,0x08
2026-07-16 16:17:12,1295,793,722,60.4,21.0,43.0,1.0000,0.2101,0x05,Recording,0x08
2026-07-16 16:17:12,1296,793,825,60.4,21.0,43.0,1.0000,0.2098,0x05,Recording,0x08
2026-07-16 16:17:12,1297,793,931,60.3,21.0,43.0,1.0000,0.2096,0x05,Recording,0x08
2026-07-16 16:17:12,1298,794,37,60.4,21.0,43.0,1.0000,0.2098,0x05,Recording,0x08
2026-07-16 16:17:12,1299,794,143,60.4,21.0,43.0,1.0000,0.2098,0x05,Recording,0x08
2026-07-16 16:17:12,1300,794,246,60.4,21.0,43.0,1.0000,0.2097,0x05,Recording,0x08
2026-07-16 16:17:12,1301,794,352,60.3,21.0,43.0,1.0000,0.2096,0x05,Recording,0x08
2026-07-16 16:17:12,1302,794,477,60.3,21.0,43.0,1.0000,0.2097,0x05,Recording,0x08
2026-07-16 16:17:12,1303,794,580,60.3,21.0,43.0,1.0000,0.2096,0x05,Recording,0x08
2026-07-16 16:17:12,1304,794,683,60.3,21.0,43.0,1.0000,0.2094,0x05,Recording,0x08
2026-07-16 16:17:12,1305,794,789,60.4,21.0,43.0,1.0000,0.2096,0x05,Recording,0x08
2026-07-16 16:17:13,1306,794,892,60.4,21.0,43.0,1.0000,0.2096,0x05,Recording,0x08
2026-07-16 16:17:13,1307,794,995,60.3,21.0,43.0,1.0000,0.2095,0x05,Recording,0x08
2026-07-16 16:17:13,1308,795,101,60.3,21.0,43.0,1.0000,0.2095,0x05,Recording,0x08
2026-07-16 16:17:13,1309,795,204,60.4,21.0,43.0,1.0000,0.2096,0x05,Recording,0x08
2026-07-16 16:17:13,1310,795,307,60.4,21.0,43.0,1.0000,0.2095,0x05,Recording,0x08
2026-07-16 16:17:13,1311,795,410,60.4,21.0,43.0,1.0000,0.2094,0x05,Recording,0x08
2026-07-16 16:17:13,1312,795,516,60.4,21.0,43.0,1.0000,0.2097,0x05,Recording,0x08
2026-07-16 16:17:13,1313,795,619,60.4,21.0,43.0,1.0000,0.2099,0x05,Recording,0x08
2026-07-16 16:17:13,1314,795,722,60.4,21.0,43.0,1.0000,0.2099,0x05,Recording,0x08
2026-07-16 16:17:13,1315,795,828,60.4,21.0,43.0,1.0000,0.2100,0x05,Recording,0x08
2026-07-16 16:17:14,1316,795,931,60.4,21.0,43.0,1.0000,0.2101,0x05,Recording,0x08
2026-07-16 16:17:14,1317,796,34,60.4,21.0,43.0,1.0000,0.2102,0x05,Recording,0x08
2026-07-16 16:17:14,1318,796,137,60.4,21.0,43.0,1.0000,0.2102,0x05,Recording,0x08
2026-07-16 16:17:14,1319,796,243,60.4,21.0,43.0,1.0000,0.2103,0x05,Recording,0x08
2026-07-16 16:17:14,1320,796,346,60.5,21.0,43.0,1.0000,0.2105,0x05,Recording,0x08
2026-07-16 16:17:14,1321,796,449,60.5,20.9,43.0,1.0000,0.2105,0x05,Recording,0x08
2026-07-16 16:17:14,1322,796,578,60.4,20.8,43.1,1.0000,0.2103,0x05,Recording,0x08
2026-07-16 16:17:15,1323,796,684,60.4,20.8,43.1,1.0000,0.2103,0x05,Recording,0x08
2026-07-16 16:17:15,1324,796,790,60.4,20.7,43.2,1.0000,0.2104,0x05,Recording,0x08
2026-07-16 16:17:15,1325,796,893,60.4,20.6,43.3,1.0000,0.2103,0x05,Recording,0x08
2026-07-16 16:17:15,1326,796,999,60.4,20.6,43.3,1.0000,0.2104,0x05,Recording,0x08
2026-07-16 16:17:15,1327,797,102,60.4,20.5,43.4,1.0000,0.2105,0x05,Recording,0x08
2026-07-16 16:17:15,1328,797,205,60.4,20.5,43.5,1.0000,0.2105,0x05,Recording,0x08
2026-07-16 16:17:15,1329,797,311,60.5,20.4,43.5,1.0000,0.2105,0x05,Recording,0x08
2026-07-16 16:17:15,1330,797,414,60.5,20.3,43.6,1.0000,0.2106,0x05,Recording,0x08
2026-07-16 16:17:15,1331,797,517,60.5,20.3,43.6,1.0000,0.2105,0x05,Recording,0x08
2026-07-16 16:17:15,1332,797,623,60.5,20.2,43.7,1.0000,0.2105,0x05,Recording,0x08
2026-07-16 16:17:15,1333,797,726,60.5,20.1,43.8,1.0000,0.2105,0x05,Recording,0x08
2026-07-16 16:17:15,1334,797,829,60.5,20.1,43.8,1.0000,0.2106,0x05,Recording,0x08
2026-07-16 16:17:16,1335,797,932,60.5,20.0,43.9,1.0000,0.2105,0x05,Recording,0x08
2026-07-16 16:17:16,1336,798,38,60.4,20.0,44.0,1.0000,0.2105,0x05,Recording,0x08
2026-07-16 16:17:16,1337,798,141,60.5,20.0,44.0,1.0000,0.2106,0x05,Recording,0x08
2026-07-16 16:17:16,1338,798,244,60.5,20.0,44.0,1.0000,0.2107,0x05,Recording,0x08
2026-07-16 16:17:16,1339,798,350,60.5,20.0,44.0,1.0000,0.2108,0x05,Recording,0x08
2026-07-16 16:17:16,1340,798,453,60.5,20.0,44.0,1.0000,0.2108,0x05,Recording,0x08
2026-07-16 16:17:16,1341,798,556,60.5,20.0,44.0,1.0000,0.2109,0x05,Recording,0x08
2026-07-16 16:17:16,1342,798,681,60.5,20.0,44.0,1.0000,0.2108,0x05,Recording,0x08
2026-07-16 16:17:16,1343,798,787,60.5,20.0,44.0,1.0000,0.2108,0x05,Recording,0x08
2026-07-16 16:17:17,1344,798,890,60.5,20.0,44.0,1.0000,0.2109,0x05,Recording,0x08
2026-07-16 16:17:17,1345,798,993,60.5,20.0,44.0,1.0000,0.2109,0x05,Recording,0x08
2026-07-16 16:17:17,1346,799,96,60.5,20.0,44.0,1.0000,0.2108,0x05,Recording,0x08
2026-07-16 16:17:17,1347,799,202,60.5,20.0,44.0,1.0000,0.2108,0x05,Recording,0x08
2026-07-16 16:17:17,1348,799,308,60.5,20.0,44.0,1.0000,0.2107,0x05,Recording,0x08
2026-07-16 16:17:17,1349,799,414,60.5,20.0,44.0,1.0000,0.2107,0x05,Recording,0x08
2026-07-16 16:17:17,1350,799,517,60.5,20.0,44.0,1.0000,0.2106,0x05,Recording,0x08
2026-07-16 16:17:17,1351,799,623,60.5,20.0,44.0,1.0000,0.2107,0x05,Recording,0x08
2026-07-16 16:17:18,1352,799,726,60.5,20.0,44.0,1.0000,0.2106,0x05,Recording,0x08
2026-07-16 16:17:18,1353,799,832,60.5,20.0,44.0,1.0000,0.2106,0x05,Recording,0x08
2026-07-16 16:17:18,1354,799,935,60.5,20.0,44.0,1.0000,0.2107,0x05,Recording,0x08
2026-07-16 16:17:18,1355,800,38,60.5,20.0,44.0,1.0000,0.2107,0x05,Recording,0x08
2026-07-16 16:17:18,1356,800,141,60.5,20.0,44.0,1.0000,0.2106,0x05,Recording,0x08
2026-07-16 16:17:18,1357,800,247,60.5,20.0,44.0,1.0000,0.2107,0x05,Recording,0x08
2026-07-16 16:17:18,1358,800,350,60.5,20.0,44.0,1.0000,0.2107,0x05,Recording,0x08
2026-07-16 16:17:18,1359,800,453,60.5,20.0,44.0,1.0000,0.2107,0x05,Recording,0x08
2026-07-16 16:17:18,1360,800,559,60.5,20.0,44.0,1.0000,0.2107,0x05,Recording,0x08
2026-07-16 16:17:18,1361,800,662,60.5,20.0,44.0,1.0000,0.2107,0x05,Recording,0x08
2026-07-16 16:17:18,1362,800,789,60.5,20.0,44.0,1.0000,0.2108,0x05,Recording,0x08
2026-07-16 16:17:19,1363,800,892,60.5,20.0,44.0,1.0000,0.2108,0x05,Recording,0x08
2026-07-16 16:17:19,1364,800,998,60.5,20.0,44.0,1.0000,0.2108,0x05,Recording,0x08
2026-07-16 16:17:19,1365,801,101,60.5,20.0,44.0,1.0000,0.2108,0x05,Recording,0x08
2026-07-16 16:17:19,1366,801,204,60.5,20.0,44.0,1.0000,0.2109,0x05,Recording,0x08
2026-07-16 16:17:19,1367,801,307,60.5,20.0,44.0,1.0000,0.2109,0x05,Recording,0x08
2026-07-16 16:17:19,1368,801,413,60.5,20.0,44.0,1.0000,0.2110,0x05,Recording,0x08
2026-07-16 16:17:19,1369,801,516,60.5,20.0,44.0,1.0000,0.2110,0x05,Recording,0x08
2026-07-16 16:17:19,1370,801,619,60.5,20.0,44.0,1.0000,0.2109,0x05,Recording,0x08
2026-07-16 16:17:19,1371,801,725,60.5,20.0,44.0,1.0000,0.2109,0x05,Recording,0x08
2026-07-16 16:17:19,1372,801,828,60.5,20.0,44.0,1.0000,0.2109,0x05,Recording,0x08
2026-07-16 16:17:20,1373,801,934,60.5,20.0,44.0,1.0000,0.2108,0x05,Recording,0x08
2026-07-16 16:17:20,1374,802,40,60.5,20.0,44.0,1.0000,0.2107,0x05,Recording,0x08
2026-07-16 16:17:20,1375,802,146,60.5,20.0,44.0,1.0000,0.2108,0x05,Recording,0x08
2026-07-16 16:17:20,1376,802,249,60.5,20.0,44.0,1.0000,0.2108,0x05,Recording,0x08
2026-07-16 16:17:20,1377,802,352,60.5,20.0,44.0,1.0000,0.2107,0x05,Recording,0x08
2026-07-16 16:17:20,1378,802,458,60.5,20.0,44.0,1.0000,0.2107,0x05,Recording,0x08
2026-07-16 16:17:20,1379,802,561,60.5,20.0,44.0,1.0000,0.2108,0x05,Recording,0x08
2026-07-16 16:17:20,1380,802,664,60.5,20.0,44.0,1.0000,0.2108,0x05,Recording,0x08
2026-07-16 16:17:21,1381,802,770,60.5,20.0,44.0,1.0000,0.2108,0x05,Recording,0x08
2026-07-16 16:17:21,1382,802,899,60.5,20.0,44.0,1.0000,0.2107,0x05,Recording,0x08
2026-07-16 16:17:21,1383,803,2,60.5,20.0,44.0,1.0000,0.2108,0x05,Recording,0x08
2026-07-16 16:17:21,1384,803,105,60.5,20.0,44.0,1.0000,0.2105,0x05,Recording,0x08
2026-07-16 16:17:21,1385,803,211,60.5,20.0,44.0,1.0000,0.2105,0x05,Recording,0x08
2026-07-16 16:17:21,1386,803,314,60.5,20.0,44.0,1.0000,0.2106,0x05,Recording,0x08
2026-07-16 16:17:21,1387,803,417,60.5,20.0,44.0,1.0000,0.2105,0x05,Recording,0x08
2026-07-16 16:17:21,1388,803,521,60.5,20.0,44.0,1.0000,0.2105,0x05,Recording,0x08
2026-07-16 16:17:21,1389,803,627,60.5,20.0,44.0,1.0000,0.2106,0x05,Recording,0x08
2026-07-16 16:17:21,1390,803,730,60.5,20.0,44.0,1.0000,0.2107,0x05,Recording,0x08
2026-07-16 16:17:21,1391,803,833,60.4,20.0,44.0,1.0000,0.2104,0x05,Recording,0x08
2026-07-16 16:17:22,1392,803,939,60.4,20.0,44.0,1.0000,0.2104,0x05,Recording,0x08
2026-07-16 16:17:22,1393,804,42,60.5,20.0,44.0,1.0000,0.2105,0x05,Recording,0x08
2026-07-16 16:17:22,1394,804,145,60.4,20.0,44.0,1.0000,0.2105,0x05,Recording,0x08
2026-07-16 16:17:22,1395,804,249,60.4,20.0,44.0,1.0000,0.2104,0x05,Recording,0x08
2026-07-16 16:17:22,1396,804,355,60.5,20.0,44.0,1.0000,0.2105,0x05,Recording,0x08
2026-07-16 16:17:22,1397,804,458,60.5,20.0,44.0,1.0000,0.2104,0x05,Recording,0x08
2026-07-16 16:17:22,1398,804,564,60.4,20.0,44.0,1.0000,0.2103,0x05,Recording,0x08
2026-07-16 16:17:22,1399,804,670,60.4,20.0,44.0,1.0000,0.2102,0x05,Recording,0x08
2026-07-16 16:17:22,1400,804,776,60.5,20.0,44.0,1.0000,0.2105,0x05,Recording,0x08
2026-07-16 16:17:23,1401,804,879,60.5,20.0,44.0,1.0000,0.2104,0x05,Recording,0x08
2026-07-16 16:17:23,1402,805,8,60.5,20.0,44.0,1.0000,0.2104,0x05,Recording,0x08
2026-07-16 16:17:23,1403,805,111,60.5,20.0,44.0,1.0000,0.2105,0x05,Recording,0x08
2026-07-16 16:17:23,1404,805,214,60.5,20.0,44.0,1.0000,0.2105,0x05,Recording,0x08
2026-07-16 16:17:23,1405,805,317,60.5,20.0,44.0,1.0000,0.2104,0x05,Recording,0x08
2026-07-16 16:17:23,1406,805,423,60.5,20.0,44.0,1.0000,0.2104,0x05,Recording,0x08
2026-07-16 16:17:23,1407,805,526,60.5,20.0,44.0,1.0000,0.2106,0x05,Recording,0x08
2026-07-16 16:17:23,1408,805,629,60.5,20.0,44.0,1.0000,0.2105,0x05,Recording,0x08
2026-07-16 16:17:24,1409,805,735,60.5,20.0,44.0,1.0000,0.2105,0x05,Recording,0x08
2026-07-16 16:17:24,1410,805,838,60.5,20.0,44.0,1.0000,0.2106,0x05,Recording,0x08
2026-07-16 16:17:24,1411,805,941,60.5,20.0,44.0,1.0000,0.2106,0x05,Recording,0x08
2026-07-16 16:17:24,1412,806,44,60.5,20.0,44.0,1.0000,0.2105,0x05,Recording,0x08
2026-07-16 16:17:24,1413,806,150,60.5,20.0,44.0,1.0000,0.2106,0x05,Recording,0x08
2026-07-16 16:17:24,1414,806,253,60.5,20.0,44.0,1.0000,0.2107,0x05,Recording,0x08
2026-07-16 16:17:24,1415,806,356,60.5,20.0,44.0,1.0000,0.2107,0x05,Recording,0x08
2026-07-16 16:17:24,1416,806,462,60.5,20.0,44.0,1.0000,0.2106,0x05,Recording,0x08
2026-07-16 16:17:24,1417,806,565,60.5,20.0,44.0,1.0000,0.2107,0x05,Recording,0x08
2026-07-16 16:17:24,1418,806,668,60.5,20.0,44.0,1.0000,0.2106,0x05,Recording,0x08
2026-07-16 16:17:24,1419,806,771,60.5,20.0,44.0,1.0000,0.2105,0x05,Recording,0x08
2026-07-16 16:17:24,1420,806,877,60.5,20.0,44.0,1.0000,0.2106,0x05,Recording,0x08
2026-07-16 16:17:25,1421,806,980,60.5,20.0,44.0,1.0000,0.2106,0x05,Recording,0x08
2026-07-16 16:17:25,1422,807,105,60.4,20.0,44.0,1.0000,0.2105,0x05,Recording,0x08
2026-07-16 16:17:25,1423,807,211,60.4,20.0,44.0,1.0000,0.2104,0x05,Recording,0x08
2026-07-16 16:17:25,1424,807,317,60.4,20.0,44.0,1.0000,0.2103,0x05,Recording,0x08
2026-07-16 16:17:25,1425,807,423,60.4,20.0,44.0,1.0000,0.2103,0x05,Recording,0x08
2026-07-16 16:17:25,1426,807,526,60.4,20.0,44.0,1.0000,0.2102,0x05,Recording,0x08
2026-07-16 16:17:25,1427,807,632,60.4,20.0,44.0,1.0000,0.2102,0x05,Recording,0x08
2026-07-16 16:17:25,1428,807,735,60.4,20.0,44.0,1.0000,0.2103,0x05,Recording,0x08
2026-07-16 16:17:25,1429,807,838,60.4,20.0,44.0,1.0000,0.2102,0x05,Recording,0x08
2026-07-16 16:17:26,1430,807,944,60.4,20.0,44.0,1.0000,0.2102,0x05,Recording,0x08
2026-07-16 16:17:26,1431,808,47,60.4,20.0,44.0,1.0000,0.2103,0x05,Recording,0x08
2026-07-16 16:17:26,1432,808,150,60.4,20.0,44.0,1.0000,0.2103,0x05,Recording,0x08
2026-07-16 16:17:26,1433,808,253,60.4,20.0,44.0,1.0000,0.2102,0x05,Recording,0x08
2026-07-16 16:17:26,1434,808,359,60.4,20.0,44.0,1.0000,0.2103,0x05,Recording,0x08
2026-07-16 16:17:26,1435,808,462,60.4,20.0,44.0,1.0000,0.2104,0x05,Recording,0x08
2026-07-16 16:17:26,1436,808,565,60.4,20.0,44.0,1.0000,0.2103,0x05,Recording,0x08
2026-07-16 16:17:26,1437,808,671,60.4,20.0,44.0,1.0000,0.2103,0x05,Recording,0x08
2026-07-16 16:17:26,1438,808,774,60.4,20.0,44.0,1.0000,0.2104,0x05,Recording,0x08
2026-07-16 16:17:26,1439,808,877,60.4,20.0,44.0,1.0000,0.2105,0x05,Recording,0x08
2026-07-16 16:17:27,1440,808,980,60.5,20.0,44.0,1.0000,0.2105,0x05,Recording,0x08
2026-07-16 16:17:27,1441,809,86,60.5,20.0,44.0,1.0000,0.2106,0x05,Recording,0x08
2026-07-16 16:17:27,1442,809,211,60.5,20.0,44.0,1.0000,0.2106,0x05,Recording,0x08
2026-07-16 16:17:27,1443,809,314,60.5,20.0,44.0,1.0000,0.2106,0x05,Recording,0x08
2026-07-16 16:17:27,1444,809,417,60.5,20.0,44.0,1.0000,0.2105,0x05,Recording,0x08
2026-07-16 16:17:27,1445,809,523,60.5,20.0,44.0,1.0000,0.2106,0x05,Recording,0x08
2026-07-16 16:17:27,1446,809,626,60.5,20.0,44.0,1.0000,0.2106,0x05,Recording,0x08
2026-07-16 16:17:27,1447,809,729,60.4,20.0,44.0,1.0000,0.2105,0x05,Recording,0x08
2026-07-16 16:17:27,1448,809,835,60.4,20.0,44.0,1.0000,0.2103,0x05,Recording,0x08
2026-07-16 16:17:28,1449,809,941,60.4,20.0,44.0,1.0000,0.2103,0x05,Recording,0x08
2026-07-16 16:17:28,1450,810,47,60.4,20.0,44.0,1.0000,0.2103,0x05,Recording,0x08
2026-07-16 16:17:28,1451,810,150,60.4,20.0,44.0,1.0000,0.2102,0x05,Recording,0x08
2026-07-16 16:17:28,1452,810,256,60.4,20.0,44.0,1.0000,0.2103,0x05,Recording,0x08
2026-07-16 16:17:28,1453,810,359,60.4,20.0,44.0,1.0000,0.2103,0x05,Recording,0x08
2026-07-16 16:17:28,1454,810,462,60.4,20.0,44.0,1.0000,0.2102,0x05,Recording,0x08
2026-07-16 16:17:28,1455,810,568,60.4,20.0,44.0,1.0000,0.2103,0x05,Recording,0x08
2026-07-16 16:17:28,1456,810,671,60.4,20.0,44.0,1.0000,0.2103,0x05,Recording,0x08
2026-07-16 16:17:28,1457,810,774,60.4,20.0,44.0,1.0000,0.2103,0x05,Recording,0x08
2026-07-16 16:17:28,1458,810,880,60.4,20.0,44.0,1.0000,0.2103,0x05,Recording,0x08
2026-07-16 16:17:28,1459,810,983,60.4,20.0,44.0,1.0000,0.2104,0x05,Recording,0x08
2026-07-16 16:17:29,1460,811,86,60.4,20.0,44.0,1.0000,0.2105,0x05,Recording,0x08
2026-07-16 16:17:29,1461,811,189,60.4,20.0,44.0,1.0000,0.2104,0x05,Recording,0x08
2026-07-16 16:17:29,1462,811,318,60.4,20.0,44.0,1.0000,0.2104,0x05,Recording,0x08
2026-07-16 16:17:29,1463,811,421,60.4,20.0,44.0,1.0000,0.2105,0x05,Recording,0x08
2026-07-16 16:17:29,1464,811,524,60.5,20.0,44.0,1.0000,0.2106,0x05,Recording,0x08
2026-07-16 16:17:29,1465,811,630,60.5,20.0,44.0,1.0000,0.2107,0x05,Recording,0x08
2026-07-16 16:17:29,1466,811,733,60.5,20.0,44.0,1.0000,0.2107,0x05,Recording,0x08
2026-07-16 16:17:29,1467,811,836,60.5,20.0,44.0,1.0000,0.2109,0x05,Recording,0x08
2026-07-16 16:17:29,1468,811,939,60.5,20.0,44.0,1.0000,0.2108,0x05,Recording,0x08
2026-07-16 16:17:30,1469,812,45,60.5,20.0,44.0,1.0000,0.2108,0x05,Recording,0x08
2026-07-16 16:17:30,1470,812,148,60.5,20.0,44.0,1.0000,0.2110,0x05,Recording,0x08
2026-07-16 16:17:30,1471,812,251,60.5,20.0,44.0,1.0000,0.2109,0x05,Recording,0x08
2026-07-16 16:17:30,1472,812,357,60.5,20.0,44.0,1.0000,0.2109,0x05,Recording,0x08
2026-07-16 16:17:30,1473,812,460,60.5,20.0,44.0,1.0000,0.2110,0x05,Recording,0x08
2026-07-16 16:17:30,1474,812,566,60.5,20.0,44.0,1.0000,0.2109,0x05,Recording,0x08
2026-07-16 16:17:30,1475,812,672,60.5,20.0,44.0,1.0000,0.2108,0x05,Recording,0x08
2026-07-16 16:17:30,1476,812,778,60.5,20.0,44.0,1.0000,0.2109,0x05,Recording,0x08
2026-07-16 16:17:30,1477,812,881,60.5,20.0,44.0,1.0000,0.2110,0x05,Recording,0x08
2026-07-16 16:17:31,1478,812,984,60.5,20.0,44.0,1.0000,0.2109,0x05,Recording,0x08
2026-07-16 16:17:31,1479,813,90,60.5,20.0,44.0,1.0000,0.2109,0x05,Recording,0x08
2026-07-16 16:17:31,1480,813,193,60.5,20.0,44.0,1.0000,0.2110,0x05,Recording,0x08
2026-07-16 16:17:31,1481,813,296,60.5,20.0,44.0,1.0000,0.2110,0x05,Recording,0x08
2026-07-16 16:17:31,1482,813,425,60.5,20.0,44.0,1.0000,0.2110,0x05,Recording,0x08
2026-07-16 16:17:31,1483,813,528,60.5,20.0,44.0,1.0000,0.2110,0x05,Recording,0x08
2026-07-16 16:17:31,1484,813,631,60.5,20.0,44.0,1.0000,0.2110,0x05,Recording,0x08
2026-07-16 16:17:31,1485,813,734,60.5,20.0,44.0,1.0000,0.2109,0x05,Recording,0x08
2026-07-16 16:17:31,1486,813,840,60.5,20.0,44.0,1.0000,0.2109,0x05,Recording,0x08
2026-07-16 16:17:31,1487,813,943,60.5,20.0,44.0,1.0000,0.2110,0x05,Recording,0x08
2026-07-16 16:17:32,1488,814,46,60.5,20.0,44.0,1.0000,0.2109,0x05,Recording,0x08
2026-07-16 16:17:32,1489,814,152,60.5,20.0,44.0,1.0000,0.2110,0x05,Recording,0x08
2026-07-16 16:17:32,1490,814,255,60.5,20.0,44.0,1.0000,0.2111,0x05,Recording,0x08
2026-07-16 16:17:32,1491,814,358,60.5,20.0,44.0,1.0000,0.2112,0x05,Recording,0x08
2026-07-16 16:17:32,1492,814,461,60.5,20.0,44.0,1.0000,0.2111,0x05,Recording,0x08
2026-07-16 16:17:32,1493,814,567,60.5,20.0,44.0,1.0000,0.2111,0x05,Recording,0x08
2026-07-16 16:17:32,1494,814,670,60.6,20.0,44.0,1.0000,0.2112,0x05,Recording,0x08
2026-07-16 16:17:33,1495,814,773,60.5,20.0,44.0,1.0000,0.2111,0x05,Recording,0x08
2026-07-16 16:17:33,1496,814,879,60.5,20.0,44.0,1.0000,0.2111,0x05,Recording,0x08
2026-07-16 16:17:33,1497,814,982,60.6,20.0,44.0,1.0000,0.2112,0x05,Recording,0x08
2026-07-16 16:17:33,1498,815,85,60.6,20.0,44.0,1.0000,0.2111,0x05,Recording,0x08
2026-07-16 16:17:33,1499,815,191,60.6,20.0,44.0,1.0000,0.2111,0x05,Recording,0x08
2026-07-16 16:17:33,1500,815,297,60.5,20.0,44.0,1.0000,0.2110,0x05,Recording,0x08
2026-07-16 16:17:33,1501,815,403,60.6,20.0,44.0,1.0000,0.2111,0x05,Recording,0x08
2026-07-16 16:17:33,1502,815,528,60.6,20.0,44.0,1.0000,0.2110,0x05,Recording,0x08
2026-07-16 16:17:33,1503,815,634,60.5,20.0,44.0,1.0000,0.2110,0x05,Recording,0x08
2026-07-16 16:17:33,1504,815,737,60.5,20.0,44.0,1.0000,0.2110,0x05,Recording,0x08
2026-07-16 16:17:33,1505,815,840,60.5,20.0,44.0,1.0000,0.2110,0x05,Recording,0x08
2026-07-16 16:17:34,1506,815,943,60.5,20.0,44.0,1.0000,0.2110,0x05,Recording,0x08
2026-07-16 16:17:34,1507,816,49,60.5,20.0,44.0,1.0000,0.2109,0x05,Recording,0x08
2026-07-16 16:17:34,1508,816,152,60.5,20.0,44.0,1.0000,0.2110,0x05,Recording,0x08
2026-07-16 16:17:34,1509,816,255,60.5,20.0,44.0,1.0000,0.2109,0x05,Recording,0x08
2026-07-16 16:17:34,1510,816,361,60.5,20.0,44.0,1.0000,0.2109,0x05,Recording,0x08
2026-07-16 16:17:34,1511,816,464,60.5,20.0,44.0,1.0000,0.2110,0x05,Recording,0x08
2026-07-16 16:17:34,1512,816,567,60.5,20.0,44.0,1.0000,0.2110,0x05,Recording,0x08
2026-07-16 16:17:34,1513,816,670,60.5,20.0,44.0,1.0000,0.2109,0x05,Recording,0x08
2026-07-16 16:17:34,1514,816,776,60.5,20.0,44.0,1.0000,0.2110,0x05,Recording,0x08
2026-07-16 16:17:34,1515,816,879,60.5,20.0,44.0,1.0000,0.2111,0x05,Recording,0x08
2026-07-16 16:17:35,1516,816,982,60.5,20.0,44.0,1.0000,0.2111,0x05,Recording,0x08
2026-07-16 16:17:35,1517,817,88,60.5,20.0,44.0,1.0000,0.2111,0x05,Recording,0x08
2026-07-16 16:17:35,1518,817,191,60.5,20.0,44.0,1.0000,0.2112,0x05,Recording,0x08
2026-07-16 16:17:35,1519,817,294,60.5,20.0,44.0,1.0000,0.2112,0x05,Recording,0x08
2026-07-16 16:17:35,1520,817,397,60.5,20.0,44.0,1.0000,0.2111,0x05,Recording,0x08
2026-07-16 16:17:35,1521,817,503,60.5,20.0,44.0,1.0000,0.2112,0x05,Recording,0x08
2026-07-16 16:17:35,1522,817,628,60.5,20.0,44.0,1.0000,0.2112,0x05,Recording,0x08
2026-07-16 16:17:35,1523,817,731,60.5,20.0,44.0,1.0000,0.2111,0x05,Recording,0x08
2026-07-16 16:17:35,1524,817,837,60.5,20.0,44.0,1.0000,0.2111,0x05,Recording,0x08
2026-07-16 16:17:35,1525,817,943,60.5,20.0,44.0,1.0000,0.2110,0x05,Recording,0x08
2026-07-16 16:17:36,1526,818,49,60.5,20.0,44.0,1.0000,0.2110,0x05,Recording,0x08
2026-07-16 16:17:36,1527,818,152,60.5,20.0,44.0,1.0000,0.2110,0x05,Recording,0x08
2026-07-16 16:17:36,1528,818,258,60.5,20.0,44.0,1.0000,0.2110,0x05,Recording,0x08
2026-07-16 16:17:36,1529,818,361,60.5,20.0,44.0,1.0000,0.2110,0x05,Recording,0x08
2026-07-16 16:17:36,1530,818,464,60.5,20.0,44.0,1.0000,0.2110,0x05,Recording,0x08
2026-07-16 16:17:36,1531,818,570,60.5,20.0,44.0,1.0000,0.2110,0x05,Recording,0x08
2026-07-16 16:17:36,1532,818,673,60.5,20.0,44.0,1.0000,0.2110,0x05,Recording,0x08
2026-07-16 16:17:36,1533,818,776,60.5,20.0,44.0,1.0000,0.2110,0x05,Recording,0x08
2026-07-16 16:17:36,1534,818,879,60.5,20.0,44.0,1.0000,0.2110,0x05,Recording,0x08
2026-07-16 16:17:36,1535,818,985,60.5,20.0,44.0,1.0000,0.2110,0x05,Recording,0x08
2026-07-16 16:17:37,1536,819,88,60.5,20.0,44.0,1.0000,0.2111,0x05,Recording,0x08
2026-07-16 16:17:37,1537,819,191,60.5,20.0,44.0,1.0000,0.2110,0x05,Recording,0x08
2026-07-16 16:17:37,1538,819,297,60.5,20.0,44.0,1.0000,0.2110,0x05,Recording,0x08
2026-07-16 16:17:37,1539,819,400,60.5,20.0,44.0,1.0000,0.2111,0x05,Recording,0x08
2026-07-16 16:17:37,1540,819,503,60.5,20.0,44.0,1.0000,0.2112,0x05,Recording,0x08
2026-07-16 16:17:37,1541,819,606,60.5,20.0,43.9,1.0000,0.2112,0x05,Recording,0x08
2026-07-16 16:17:37,1542,819,734,60.5,20.1,43.8,1.0000,0.2112,0x05,Recording,0x08
2026-07-16 16:17:37,1543,819,837,60.5,20.1,43.8,1.0000,0.2112,0x05,Recording,0x08
2026-07-16 16:17:37,1544,819,940,60.5,20.2,43.7,1.0000,0.2111,0x05,Recording,0x08
2026-07-16 16:17:38,1545,820,46,60.5,20.3,43.6,1.0000,0.2111,0x05,Recording,0x08
2026-07-16 16:17:38,1546,820,149,60.5,20.3,43.6,1.0000,0.2112,0x05,Recording,0x08
2026-07-16 16:17:38,1547,820,252,60.5,20.4,43.5,1.0000,0.2112,0x05,Recording,0x08
2026-07-16 16:17:38,1548,820,355,60.5,20.5,43.5,1.0000,0.2111,0x05,Recording,0x08
2026-07-16 16:17:38,1549,820,461,60.5,20.5,43.4,1.0000,0.2110,0x05,Recording,0x08
2026-07-16 16:17:38,1550,820,567,60.5,20.6,43.3,1.0000,0.2111,0x05,Recording,0x08
2026-07-16 16:17:38,1551,820,673,60.5,20.6,43.3,1.0000,0.2110,0x05,Recording,0x08
2026-07-16 16:17:38,1552,820,776,60.5,20.7,43.2,1.0000,0.2110,0x05,Recording,0x08
2026-07-16 16:17:38,1553,820,882,60.5,20.8,43.1,1.0000,0.2110,0x05,Recording,0x08
2026-07-16 16:17:39,1554,820,985,60.5,20.8,43.1,1.0000,0.2109,0x05,Recording,0x08
2026-07-16 16:17:39,1555,821,91,60.5,20.9,43.0,1.0000,0.2109,0x05,Recording,0x08
2026-07-16 16:17:39,1556,821,194,60.5,21.0,43.0,1.0000,0.2109,0x05,Recording,0x08
2026-07-16 16:17:39,1557,821,297,60.5,21.0,43.0,1.0000,0.2110,0x05,Recording,0x08
2026-07-16 16:17:39,1558,821,400,60.5,21.0,43.0,1.0000,0.2110,0x05,Recording,0x08
2026-07-16 16:17:39,1559,821,506,60.5,21.0,43.0,1.0000,0.2110,0x05,Recording,0x08
2026-07-16 16:17:39,1560,821,609,60.5,21.0,43.0,1.0000,0.2111,0x05,Recording,0x08
2026-07-16 16:17:39,1561,821,712,60.5,21.0,43.0,1.0000,0.2110,0x05,Recording,0x08
2026-07-16 16:17:39,1562,821,840,60.5,21.0,43.0,1.0000,0.2110,0x05,Recording,0x08
2026-07-16 16:17:39,1563,821,943,60.5,21.0,43.0,1.0000,0.2110,0x05,Recording,0x08
2026-07-16 16:17:40,1564,822,46,60.5,21.0,43.0,1.0000,0.2110,0x05,Recording,0x08
2026-07-16 16:17:40,1565,822,149,60.5,21.0,43.0,1.0000,0.2110,0x05,Recording,0x08
2026-07-16 16:17:40,1566,822,255,60.5,21.0,43.0,1.0000,0.2110,0x05,Recording,0x08
2026-07-16 16:17:40,1567,822,358,60.5,21.0,43.0,1.0000,0.2110,0x05,Recording,0x08
2026-07-16 16:17:40,1568,822,461,60.5,21.0,43.0,1.0000,0.2110,0x05,Recording,0x08
2026-07-16 16:17:40,1569,822,567,60.5,21.0,43.0,1.0000,0.2111,0x05,Recording,0x08
2026-07-16 16:17:40,1570,822,670,60.5,21.0,43.0,1.0000,0.2112,0x05,Recording,0x08
2026-07-16 16:17:40,1571,822,773,60.5,21.0,43.0,1.0000,0.2112,0x05,Recording,0x08
2026-07-16 16:17:40,1572,822,876,60.5,21.0,43.0,1.0000,0.2111,0x05,Recording,0x08
2026-07-16 16:17:40,1573,822,982,60.5,21.0,43.0,1.0000,0.2112,0x05,Recording,0x08
2026-07-16 16:17:41,1574,823,85,60.5,21.0,43.0,1.0000,0.2112,0x05,Recording,0x08
2026-07-16 16:17:41,1575,823,191,60.5,21.0,43.0,1.0000,0.2111,0x05,Recording,0x08
2026-07-16 16:17:41,1576,823,297,60.5,21.0,43.0,1.0000,0.2110,0x05,Recording,0x08
2026-07-16 16:17:41,1577,823,403,60.5,21.0,43.0,1.0000,0.2111,0x05,Recording,0x08
2026-07-16 16:17:41,1578,823,506,60.5,21.0,43.0,1.0000,0.2110,0x05,Recording,0x08
2026-07-16 16:17:41,1579,823,612,60.5,21.0,43.0,1.0000,0.2111,0x05,Recording,0x08
2026-07-16 16:17:41,1580,823,715,60.5,21.0,43.0,1.0000,0.2111,0x05,Recording,0x08
2026-07-16 16:17:41,1581,823,818,60.6,21.0,43.0,1.0000,0.2113,0x05,Recording,0x08
2026-07-16 16:17:41,1582,823,943,60.6,21.0,43.0,1.0000,0.2112,0x05,Recording,0x08
2026-07-16 16:17:42,1583,824,49,60.5,21.0,43.0,1.0000,0.2112,0x05,Recording,0x08
2026-07-16 16:17:42,1584,824,153,60.6,21.0,43.0,1.0000,0.2112,0x05,Recording,0x08
2026-07-16 16:17:42,1585,824,256,60.5,21.0,43.0,1.0000,0.2112,0x05,Recording,0x08
2026-07-16 16:17:42,1586,824,359,60.5,21.0,43.0,1.0000,0.2112,0x05,Recording,0x08
2026-07-16 16:17:42,1587,824,465,60.5,21.0,43.0,1.0000,0.2112,0x05,Recording,0x08
2026-07-16 16:17:42,1588,824,568,60.5,21.0,43.0,1.0000,0.2112,0x05,Recording,0x08
2026-07-16 16:17:42,1589,824,671,60.5,21.0,43.0,1.0000,0.2111,0x05,Recording,0x08
2026-07-16 16:17:42,1590,824,777,60.5,21.0,43.0,1.0000,0.2112,0x05,Recording,0x08
2026-07-16 16:17:42,1591,824,882,60.6,21.0,43.0,1.0000,0.2113,0x05,Recording,0x08
2026-07-16 16:17:42,1592,824,985,60.6,21.0,43.0,1.0000,0.2114,0x05,Recording,0x08
2026-07-16 16:17:43,1593,825,88,60.6,21.0,43.0,1.0000,0.2113,0x05,Recording,0x08
2026-07-16 16:17:43,1594,825,194,60.6,21.0,43.0,1.0000,0.2114,0x05,Recording,0x08
2026-07-16 16:17:43,1595,825,297,60.6,21.0,43.0,1.0000,0.2114,0x05,Recording,0x08
2026-07-16 16:17:43,1596,825,400,60.6,21.0,43.0,1.0000,0.2113,0x05,Recording,0x08
2026-07-16 16:17:43,1597,825,506,60.6,21.0,43.0,1.0000,0.2113,0x05,Recording,0x08
2026-07-16 16:17:43,1598,825,612,60.6,21.0,43.0,1.0000,0.2114,0x05,Recording,0x08
2026-07-16 16:17:43,1599,825,715,60.6,21.0,43.0,1.0000,0.2113,0x05,Recording,0x08
2026-07-16 16:17:43,1600,825,821,60.5,21.0,43.0,1.0000,0.2113,0x05,Recording,0x08
2026-07-16 16:17:43,1601,825,927,60.5,21.0,43.0,1.0000,0.2112,0x05,Recording,0x08
2026-07-16 16:17:44,1602,826,55,60.6,21.0,43.0,1.0000,0.2113,0x05,Recording,0x08
2026-07-16 16:17:44,1603,826,160,60.5,21.0,43.0,1.0000,0.2112,0x05,Recording,0x08
2026-07-16 16:17:44,1604,826,266,60.5,21.0,43.0,1.0000,0.2112,0x05,Recording,0x08
2026-07-16 16:17:44,1605,826,369,60.5,21.0,43.0,1.0000,0.2112,0x05,Recording,0x08
2026-07-16 16:17:44,1606,826,472,60.5,21.0,43.0,1.0000,0.2112,0x05,Recording,0x08
2026-07-16 16:17:44,1607,826,575,60.5,21.0,43.0,1.0000,0.2111,0x05,Recording,0x08
2026-07-16 16:17:44,1608,826,681,60.5,21.0,43.0,1.0000,0.2111,0x05,Recording,0x08
2026-07-16 16:17:44,1609,826,784,60.5,21.0,43.0,1.0000,0.2112,0x05,Recording,0x08
2026-07-16 16:17:44,1610,826,887,60.5,21.0,43.0,1.0000,0.2111,0x05,Recording,0x08
2026-07-16 16:17:44,1611,826,993,60.5,21.0,43.0,1.0000,0.2111,0x05,Recording,0x08
2026-07-16 16:17:45,1612,827,96,60.5,21.0,43.0,1.0000,0.2112,0x05,Recording,0x08
2026-07-16 16:17:45,1613,827,199,60.5,21.0,43.0,1.0000,0.2112,0x05,Recording,0x08
2026-07-16 16:17:45,1614,827,302,60.5,21.0,43.0,1.0000,0.2111,0x05,Recording,0x08
2026-07-16 16:17:45,1615,827,408,60.5,21.0,43.0,1.0000,0.2112,0x05,Recording,0x08
2026-07-16 16:17:45,1616,827,511,60.5,21.0,43.0,1.0000,0.2113,0x05,Recording,0x08
2026-07-16 16:17:45,1617,827,614,60.5,21.0,43.0,1.0000,0.2113,0x05,Recording,0x08
2026-07-16 16:17:45,1618,827,720,60.5,21.0,43.0,1.0000,0.2113,0x05,Recording,0x08
2026-07-16 16:17:45,1619,827,823,60.5,21.0,43.0,1.0000,0.2114,0x05,Recording,0x08
2026-07-16 16:17:45,1620,827,926,60.5,21.0,43.0,1.0000,0.2114,0x05,Recording,0x08
2026-07-16 16:17:46,1621,828,29,60.5,21.0,43.0,1.0000,0.2113,0x05,Recording,0x08
2026-07-16 16:17:46,1622,828,157,60.5,21.0,43.0,1.0000,0.2113,0x05,Recording,0x08
2026-07-16 16:17:46,1623,828,260,60.5,21.0,43.0,1.0000,0.2114,0x05,Recording,0x08
2026-07-16 16:17:46,1624,828,363,60.5,21.0,43.0,1.0000,0.2113,0x05,Recording,0x08
2026-07-16 16:17:46,1625,828,469,60.5,21.0,43.0,1.0000,0.2112,0x05,Recording,0x08
2026-07-16 16:17:46,1626,828,575,60.5,21.0,43.0,1.0000,0.2112,0x05,Recording,0x08
2026-07-16 16:17:46,1627,828,681,60.5,21.0,43.0,1.0000,0.2112,0x05,Recording,0x08
2026-07-16 16:17:46,1628,828,784,60.5,21.0,43.0,1.0000,0.2111,0x05,Recording,0x08
2026-07-16 16:17:46,1629,828,890,60.5,21.0,43.0,1.0000,0.2111,0x05,Recording,0x08
2026-07-16 16:17:46,1630,828,993,60.5,21.0,43.0,1.0000,0.2111,0x05,Recording,0x08
2026-07-16 16:17:47,1631,829,99,60.5,21.0,43.0,1.0000,0.2111,0x05,Recording,0x08
2026-07-16 16:17:47,1632,829,202,60.5,21.0,43.0,1.0000,0.2111,0x05,Recording,0x08
2026-07-16 16:17:47,1633,829,305,60.5,21.0,43.0,1.0000,0.2111,0x05,Recording,0x08
2026-07-16 16:17:47,1634,829,408,60.5,21.0,43.0,1.0000,0.2111,0x05,Recording,0x08
2026-07-16 16:17:47,1635,829,514,60.5,21.0,43.0,1.0000,0.2111,0x05,Recording,0x08
2026-07-16 16:17:47,1636,829,617,60.5,21.0,43.0,1.0000,0.2111,0x05,Recording,0x08
2026-07-16 16:17:47,1637,829,720,60.5,21.0,43.0,1.0000,0.2111,0x05,Recording,0x08
2026-07-16 16:17:47,1638,829,826,60.5,21.0,43.0,1.0000,0.2111,0x05,Recording,0x08
2026-07-16 16:17:47,1639,829,929,60.5,21.0,43.0,1.0000,0.2112,0x05,Recording,0x08
2026-07-16 16:17:47,1640,830,32,60.5,21.0,43.0,1.0000,0.2112,0x05,Recording,0x08
2026-07-16 16:17:48,1641,830,135,60.5,21.0,43.0,1.0000,0.2112,0x05,Recording,0x08
2026-07-16 16:17:48,1642,830,263,60.5,21.0,43.0,1.0000,0.2113,0x05,Recording,0x08
2026-07-16 16:17:48,1643,830,366,60.5,21.0,43.0,1.0000,0.2113,0x05,Recording,0x08
2026-07-16 16:17:48,1644,830,469,60.5,21.0,43.0,1.0000,0.2113,0x05,Recording,0x08
2026-07-16 16:17:48,1645,830,575,60.5,21.0,43.0,1.0000,0.2113,0x05,Recording,0x08
2026-07-16 16:17:48,1646,830,678,60.5,21.0,43.0,1.0000,0.2113,0x05,Recording,0x08
2026-07-16 16:17:48,1647,830,781,60.5,21.0,43.0,1.0000,0.2113,0x05,Recording,0x08
2026-07-16 16:17:48,1648,830,884,60.5,21.0,43.0,1.0000,0.2112,0x05,Recording,0x08
2026-07-16 16:17:48,1649,830,990,60.5,21.0,43.0,1.0000,0.2113,0x05,Recording,0x08
2026-07-16 16:17:49,1650,831,93,60.5,21.0,43.0,1.0000,0.2112,0x05,Recording,0x08
2026-07-16 16:17:49,1651,831,199,60.5,21.0,43.0,1.0000,0.2112,0x05,Recording,0x08
2026-07-16 16:17:49,1652,831,305,60.5,21.0,43.0,1.0000,0.2111,0x05,Recording,0x08
2026-07-16 16:17:49,1653,831,411,60.5,21.0,43.0,1.0000,0.2112,0x05,Recording,0x08
2026-07-16 16:17:49,1654,831,514,60.5,21.0,43.0,1.0000,0.2111,0x05,Recording,0x08
2026-07-16 16:17:49,1655,831,620,60.5,21.0,43.0,1.0000,0.2111,0x05,Recording,0x08
2026-07-16 16:17:49,1656,831,723,60.5,21.0,43.0,1.0000,0.2111,0x05,Recording,0x08
2026-07-16 16:17:49,1657,831,826,60.5,21.0,43.0,1.0000,0.2111,0x05,Recording,0x08
2026-07-16 16:17:50,1658,831,932,60.6,21.0,43.0,1.0000,0.2111,0x05,Recording,0x08
2026-07-16 16:17:50,1659,832,35,60.6,21.0,43.0,1.0000,0.2111,0x05,Recording,0x08
2026-07-16 16:17:50,1660,832,138,60.6,21.0,43.0,1.0000,0.2112,0x05,Recording,0x08
2026-07-16 16:17:50,1661,832,244,60.5,21.0,43.0,1.0000,0.2111,0x05,Recording,0x08
2026-07-16 16:17:50,1662,832,372,60.5,21.0,43.0,1.0000,0.2111,0x05,Recording,0x08
2026-07-16 16:17:50,1663,832,475,60.5,21.0,43.0,1.0000,0.2111,0x05,Recording,0x08
2026-07-16 16:17:50,1664,832,578,60.5,21.0,43.0,1.0000,0.2110,0x05,Recording,0x08
2026-07-16 16:17:50,1665,832,684,60.5,21.0,43.0,1.0000,0.2109,0x05,Recording,0x08
2026-07-16 16:17:50,1666,832,787,60.5,21.0,43.0,1.0000,0.2110,0x05,Recording,0x08
2026-07-16 16:17:50,1667,832,890,60.5,21.0,43.0,1.0000,0.2110,0x05,Recording,0x08
2026-07-16 16:17:50,1668,832,994,60.5,21.0,43.0,1.0000,0.2110,0x05,Recording,0x08
2026-07-16 16:17:51,1669,833,100,60.5,21.0,43.0,1.0000,0.2110,0x05,Recording,0x08
2026-07-16 16:17:51,1670,833,203,60.5,21.0,43.0,1.0000,0.2111,0x05,Recording,0x08
2026-07-16 16:17:51,1671,833,306,60.5,21.0,43.0,1.0000,0.2109,0x05,Recording,0x08
2026-07-16 16:17:51,1672,833,412,60.5,21.0,43.0,1.0000,0.2109,0x05,Recording,0x08
2026-07-16 16:17:51,1673,833,515,60.5,21.0,43.0,1.0000,0.2110,0x05,Recording,0x08
2026-07-16 16:17:51,1674,833,618,60.5,21.0,43.0,1.0000,0.2109,0x05,Recording,0x08
2026-07-16 16:17:51,1675,833,722,60.5,21.0,43.0,1.0000,0.2108,0x05,Recording,0x08
2026-07-16 16:17:51,1676,833,828,60.5,21.0,43.0,1.0000,0.2108,0x05,Recording,0x08
2026-07-16 16:17:51,1677,833,934,60.5,21.0,43.0,1.0000,0.2108,0x05,Recording,0x08
2026-07-16 16:17:51,1678,834,40,60.5,21.0,43.0,1.0000,0.2108,0x05,Recording,0x08
2026-07-16 16:17:52,1679,834,146,60.5,21.0,43.0,1.0000,0.2108,0x05,Recording,0x08
2026-07-16 16:17:52,1680,834,249,60.5,21.0,43.0,1.0000,0.2109,0x05,Recording,0x08
2026-07-16 16:17:52,1681,834,355,60.5,21.0,43.0,1.0000,0.2109,0x05,Recording,0x08
2026-07-16 16:17:52,1682,834,484,60.5,21.0,43.0,1.0000,0.2109,0x05,Recording,0x08
2026-07-16 16:17:52,1683,834,587,60.5,21.0,43.0,1.0000,0.2110,0x05,Recording,0x08
2026-07-16 16:17:52,1684,834,690,60.5,21.0,43.0,1.0000,0.2109,0x05,Recording,0x08
2026-07-16 16:17:52,1685,834,796,60.5,21.0,43.0,1.0000,0.2109,0x05,Recording,0x08
2026-07-16 16:17:52,1686,834,899,60.5,21.0,43.0,1.0000,0.2109,0x05,Recording,0x08
